date,R,trades,sample,cum_R
2021-06-13 00:00:00+00:00,3.491501,1,IS,3.491501
2021-06-14 00:00:00+00:00,0.0,0,IS,3.491501
2021-06-15 00:00:00+00:00,2.483463,2,IS,5.974964
2021-06-16 00:00:00+00:00,0.0,0,IS,5.974964
2021-06-17 00:00:00+00:00,0.0,0,IS,5.974964
2021-06-18 00:00:00+00:00,0.0,0,IS,5.974964
2021-06-19 00:00:00+00:00,2.485245,2,IS,8.460209
2021-06-20 00:00:00+00:00,-1.00769,1,IS,7.452518
2021-06-21 00:00:00+00:00,-1.00508,1,IS,6.447438
2021-06-22 00:00:00+00:00,2.491293,2,IS,8.938731
2021-06-23 00:00:00+00:00,0.0,0,IS,8.938731
2021-06-24 00:00:00+00:00,0.0,0,IS,8.938731
2021-06-25 00:00:00+00:00,-2.015028,2,IS,6.923703
2021-06-26 00:00:00+00:00,-2.010399,2,IS,4.913304
2021-06-27 00:00:00+00:00,0.0,0,IS,4.913304
2021-06-28 00:00:00+00:00,0.0,0,IS,4.913304
2021-06-29 00:00:00+00:00,3.493903,1,IS,8.407207
2021-06-30 00:00:00+00:00,-1.007449,1,IS,7.399758
2021-07-01 00:00:00+00:00,0.0,0,IS,7.399758
2021-07-02 00:00:00+00:00,0.0,0,IS,7.399758
2021-07-03 00:00:00+00:00,0.0,0,IS,7.399758
2021-07-04 00:00:00+00:00,0.0,0,IS,7.399758
2021-07-05 00:00:00+00:00,-3.034247,3,IS,4.365511
2021-07-06 00:00:00+00:00,-2.021136,2,IS,2.344375
2021-07-07 00:00:00+00:00,-1.009572,1,IS,1.334804
2021-07-08 00:00:00+00:00,1.472167,3,IS,2.806971
2021-07-09 00:00:00+00:00,0.0,0,IS,2.806971
2021-07-10 00:00:00+00:00,0.0,0,IS,2.806971
2021-07-11 00:00:00+00:00,-1.016114,1,IS,1.790856
2021-07-12 00:00:00+00:00,-2.030379,2,IS,-0.239523
2021-07-13 00:00:00+00:00,2.474008,2,IS,2.234485
2021-07-14 00:00:00+00:00,-1.010324,1,IS,1.22416
2021-07-15 00:00:00+00:00,0.0,0,IS,1.22416
2021-07-16 00:00:00+00:00,-1.011619,1,IS,0.212541
2021-07-17 00:00:00+00:00,0.0,0,IS,0.212541
2021-07-18 00:00:00+00:00,0.0,0,IS,0.212541
2021-07-19 00:00:00+00:00,0.0,0,IS,0.212541
2021-07-20 00:00:00+00:00,1.463815,3,IS,1.676356
2021-07-21 00:00:00+00:00,-1.010558,1,IS,0.665798
2021-07-22 00:00:00+00:00,0.0,0,IS,0.665798
2021-07-23 00:00:00+00:00,6.974938,2,IS,7.640737
2021-07-24 00:00:00+00:00,0.0,0,IS,7.640737
2021-07-25 00:00:00+00:00,5.959918,3,IS,13.600655
2021-07-26 00:00:00+00:00,4.967782,4,IS,18.568437
2021-07-27 00:00:00+00:00,-1.006547,1,IS,17.56189
2021-07-28 00:00:00+00:00,0.0,0,IS,17.56189
2021-07-29 00:00:00+00:00,0.0,0,IS,17.56189
2021-07-30 00:00:00+00:00,-1.006345,1,IS,16.555545
2021-07-31 00:00:00+00:00,0.0,0,IS,16.555545
2021-08-01 00:00:00+00:00,-1.0074,1,IS,15.548145
2021-08-02 00:00:00+00:00,-1.008271,1,IS,14.539874
2021-08-03 00:00:00+00:00,0.0,0,IS,14.539874
2021-08-04 00:00:00+00:00,-1.007718,1,IS,13.532155
2021-08-05 00:00:00+00:00,-1.009955,1,IS,12.5222
2021-08-06 00:00:00+00:00,-3.020539,3,IS,9.501662
2021-08-07 00:00:00+00:00,1.476614,3,IS,10.978276
2021-08-08 00:00:00+00:00,0.0,0,IS,10.978276
2021-08-09 00:00:00+00:00,-1.007081,1,IS,9.971196
2021-08-10 00:00:00+00:00,0.0,0,IS,9.971196
2021-08-11 00:00:00+00:00,0.0,0,IS,9.971196
2021-08-12 00:00:00+00:00,-1.007665,1,IS,8.96353
2021-08-13 00:00:00+00:00,3.489252,1,IS,12.452783
2021-08-14 00:00:00+00:00,-2.026629,2,IS,10.426154
2021-08-15 00:00:00+00:00,0.0,0,IS,10.426154
2021-08-16 00:00:00+00:00,-1.010757,1,IS,9.415398
2021-08-17 00:00:00+00:00,0.0,0,IS,9.415398
2021-08-18 00:00:00+00:00,-1.009266,1,IS,8.406132
2021-08-19 00:00:00+00:00,0.0,0,IS,8.406132
2021-08-20 00:00:00+00:00,6.977119,2,IS,15.38325
2021-08-21 00:00:00+00:00,-3.035401,3,IS,12.347849
2021-08-22 00:00:00+00:00,0.0,0,IS,12.347849
2021-08-23 00:00:00+00:00,-1.012208,1,IS,11.335641
2021-08-24 00:00:00+00:00,0.0,0,IS,11.335641
2021-08-25 00:00:00+00:00,0.0,0,IS,11.335641
2021-08-26 00:00:00+00:00,-2.020617,2,IS,9.315024
2021-08-27 00:00:00+00:00,0.0,0,IS,9.315024
2021-08-28 00:00:00+00:00,-2.028639,2,IS,7.286385
2021-08-29 00:00:00+00:00,-1.015538,1,IS,6.270847
2021-08-30 00:00:00+00:00,0.0,0,IS,6.270847
2021-08-31 00:00:00+00:00,-1.012215,1,IS,5.258632
2021-09-01 00:00:00+00:00,-1.012328,1,IS,4.246305
2021-09-02 00:00:00+00:00,3.938316,5,IS,8.184621
2021-09-03 00:00:00+00:00,-2.021851,2,IS,6.16277
2021-09-04 00:00:00+00:00,0.0,0,IS,6.16277
2021-09-05 00:00:00+00:00,0.0,0,IS,6.16277
2021-09-06 00:00:00+00:00,-1.014841,1,IS,5.147929
2021-09-07 00:00:00+00:00,1.448282,3,IS,6.596212
2021-09-08 00:00:00+00:00,0.0,0,IS,6.596212
2021-09-09 00:00:00+00:00,0.0,0,IS,6.596212
2021-09-10 00:00:00+00:00,0.0,0,IS,6.596212
2021-09-11 00:00:00+00:00,0.94615,1,IS,7.542362
2021-09-12 00:00:00+00:00,0.0,0,IS,7.542362
2021-09-13 00:00:00+00:00,0.0,0,IS,7.542362
2021-09-14 00:00:00+00:00,0.0,0,IS,7.542362
2021-09-15 00:00:00+00:00,3.488998,1,IS,11.03136
2021-09-16 00:00:00+00:00,-2.025874,2,IS,9.005486
2021-09-17 00:00:00+00:00,0.0,0,IS,9.005486
2021-09-18 00:00:00+00:00,-1.013339,1,IS,7.992147
2021-09-19 00:00:00+00:00,0.0,0,IS,7.992147
2021-09-20 00:00:00+00:00,6.980279,2,IS,14.972426
2021-09-21 00:00:00+00:00,6.986979,2,IS,21.959405
2021-09-22 00:00:00+00:00,-1.005001,1,IS,20.954404
2021-09-23 00:00:00+00:00,0.0,0,IS,20.954404
2021-09-24 00:00:00+00:00,-2.016807,2,IS,18.937597
2021-09-25 00:00:00+00:00,0.0,0,IS,18.937597
2021-09-26 00:00:00+00:00,-1.009188,1,IS,17.928409
2021-09-27 00:00:00+00:00,-1.008309,1,IS,16.9201
2021-09-28 00:00:00+00:00,-2.017841,2,IS,14.90226
2021-09-29 00:00:00+00:00,0.0,0,IS,14.90226
2021-09-30 00:00:00+00:00,0.0,0,IS,14.90226
2021-10-01 00:00:00+00:00,9.459474,4,IS,24.361734
2021-10-02 00:00:00+00:00,0.0,0,IS,24.361734
2021-10-03 00:00:00+00:00,2.477952,2,IS,26.839686
2021-10-04 00:00:00+00:00,0.0,0,IS,26.839686
2021-10-05 00:00:00+00:00,5.968782,3,IS,32.808468
2021-10-06 00:00:00+00:00,0.458349,4,IS,33.266817
2021-10-07 00:00:00+00:00,-1.006809,1,IS,32.260008
2021-10-08 00:00:00+00:00,-1.010349,1,IS,31.249659
2021-10-09 00:00:00+00:00,-1.011346,1,IS,30.238313
2021-10-10 00:00:00+00:00,-1.0115,1,IS,29.226813
2021-10-11 00:00:00+00:00,2.479186,2,IS,31.705999
2021-10-12 00:00:00+00:00,-4.044377,4,IS,27.661621
2021-10-13 00:00:00+00:00,0.0,0,IS,27.661621
2021-10-14 00:00:00+00:00,0.0,0,IS,27.661621
2021-10-15 00:00:00+00:00,6.982919,2,IS,34.64454
2021-10-16 00:00:00+00:00,-1.008867,1,IS,33.635673
2021-10-17 00:00:00+00:00,0.0,0,IS,33.635673
2021-10-18 00:00:00+00:00,-1.009807,1,IS,32.625866
2021-10-19 00:00:00+00:00,-2.020183,2,IS,30.605683
2021-10-20 00:00:00+00:00,5.965411,3,IS,36.571094
2021-10-21 00:00:00+00:00,-2.020997,2,IS,34.550097
2021-10-22 00:00:00+00:00,0.0,0,IS,34.550097
2021-10-23 00:00:00+00:00,-1.007758,1,IS,33.542339
2021-10-24 00:00:00+00:00,0.0,0,IS,33.542339
2021-10-25 00:00:00+00:00,0.0,0,IS,33.542339
2021-10-26 00:00:00+00:00,0.0,0,IS,33.542339
2021-10-27 00:00:00+00:00,-2.020292,2,IS,31.522047
2021-10-28 00:00:00+00:00,-1.008998,1,IS,30.513049
2021-10-29 00:00:00+00:00,-1.00721,1,IS,29.50584
2021-10-30 00:00:00+00:00,-1.008573,1,IS,28.497267
2021-10-31 00:00:00+00:00,-2.026755,2,IS,26.470512
2021-11-01 00:00:00+00:00,-1.009028,1,IS,25.461484
2021-11-02 00:00:00+00:00,0.0,0,IS,25.461484
2021-11-03 00:00:00+00:00,-1.010504,1,IS,24.45098
2021-11-04 00:00:00+00:00,0.0,0,IS,24.45098
2021-11-05 00:00:00+00:00,0.0,0,IS,24.45098
2021-11-06 00:00:00+00:00,0.0,0,IS,24.45098
2021-11-07 00:00:00+00:00,0.0,0,IS,24.45098
2021-11-08 00:00:00+00:00,10.449965,3,IS,34.900945
2021-11-09 00:00:00+00:00,2.475194,2,IS,37.376139
2021-11-10 00:00:00+00:00,-1.010397,1,IS,36.365742
2021-11-11 00:00:00+00:00,0.0,0,IS,36.365742
2021-11-12 00:00:00+00:00,-1.009926,1,IS,35.355815
2021-11-13 00:00:00+00:00,0.0,0,IS,35.355815
2021-11-14 00:00:00+00:00,0.0,0,IS,35.355815
2021-11-15 00:00:00+00:00,0.0,0,IS,35.355815
2021-11-16 00:00:00+00:00,4.962827,4,IS,40.318643
2021-11-17 00:00:00+00:00,-1.007076,1,IS,39.311566
2021-11-18 00:00:00+00:00,0.0,0,IS,39.311566
2021-11-19 00:00:00+00:00,0.0,0,IS,39.311566
2021-11-20 00:00:00+00:00,-1.008025,1,IS,38.303542
2021-11-21 00:00:00+00:00,0.0,0,IS,38.303542
2021-11-22 00:00:00+00:00,-2.018211,2,IS,36.285331
2021-11-23 00:00:00+00:00,0.0,0,IS,36.285331
2021-11-24 00:00:00+00:00,0.0,0,IS,36.285331
2021-11-25 00:00:00+00:00,-1.012709,1,IS,35.272622
2021-11-26 00:00:00+00:00,2.473693,2,IS,37.746315
2021-11-27 00:00:00+00:00,0.0,0,IS,37.746315
2021-11-28 00:00:00+00:00,-1.008672,1,IS,36.737643
2021-11-29 00:00:00+00:00,0.0,0,IS,36.737643
2021-11-30 00:00:00+00:00,-2.020245,2,IS,34.717398
2021-12-01 00:00:00+00:00,-1.008914,1,IS,33.708484
2021-12-02 00:00:00+00:00,0.0,0,IS,33.708484
2021-12-03 00:00:00+00:00,3.490255,1,IS,37.198739
2021-12-04 00:00:00+00:00,4.978682,4,IS,42.177421
2021-12-05 00:00:00+00:00,0.0,0,IS,42.177421
2021-12-06 00:00:00+00:00,0.0,0,IS,42.177421
2021-12-07 00:00:00+00:00,0.0,0,IS,42.177421
2021-12-08 00:00:00+00:00,-1.009512,1,IS,41.167908
2021-12-09 00:00:00+00:00,0.0,0,IS,41.167908
2021-12-10 00:00:00+00:00,-2.015914,2,IS,39.151995
2021-12-11 00:00:00+00:00,0.0,0,IS,39.151995
2021-12-12 00:00:00+00:00,0.0,0,IS,39.151995
2021-12-13 00:00:00+00:00,-3.026999,3,IS,36.124995
2021-12-14 00:00:00+00:00,-1.007067,1,IS,35.117928
2021-12-15 00:00:00+00:00,0.0,0,IS,35.117928
2021-12-16 00:00:00+00:00,-1.010853,1,IS,34.107075
2021-12-17 00:00:00+00:00,2.479247,2,IS,36.586322
2021-12-18 00:00:00+00:00,0.0,0,IS,36.586322
2021-12-19 00:00:00+00:00,0.0,0,IS,36.586322
2021-12-20 00:00:00+00:00,0.0,0,IS,36.586322
2021-12-21 00:00:00+00:00,0.0,0,IS,36.586322
2021-12-22 00:00:00+00:00,0.0,0,IS,36.586322
2021-12-23 00:00:00+00:00,2.475778,2,IS,39.062101
2021-12-24 00:00:00+00:00,0.0,0,IS,39.062101
2021-12-25 00:00:00+00:00,-1.011792,1,IS,38.050309
2021-12-26 00:00:00+00:00,0.0,0,IS,38.050309
2021-12-27 00:00:00+00:00,2.470009,2,IS,40.520317
2021-12-28 00:00:00+00:00,3.488789,1,IS,44.009107
2021-12-29 00:00:00+00:00,3.490753,1,IS,47.49986
2021-12-30 00:00:00+00:00,-1.00881,1,IS,46.491051
2021-12-31 00:00:00+00:00,-1.008937,1,IS,45.482114
2022-01-01 00:00:00+00:00,0.0,0,IS,45.482114
2022-01-02 00:00:00+00:00,0.0,0,IS,45.482114
2022-01-03 00:00:00+00:00,-1.012755,1,IS,44.469359
2022-01-04 00:00:00+00:00,0.0,0,IS,44.469359
2022-01-05 00:00:00+00:00,0.0,0,IS,44.469359
2022-01-06 00:00:00+00:00,0.0,0,IS,44.469359
2022-01-07 00:00:00+00:00,2.483426,2,IS,46.952785
2022-01-08 00:00:00+00:00,-1.010199,1,IS,45.942586
2022-01-09 00:00:00+00:00,0.0,0,IS,45.942586
2022-01-10 00:00:00+00:00,-1.012262,1,IS,44.930323
2022-01-11 00:00:00+00:00,0.0,0,IS,44.930323
2022-01-12 00:00:00+00:00,3.487139,1,IS,48.417463
2022-01-13 00:00:00+00:00,-2.026829,2,IS,46.390634
2022-01-14 00:00:00+00:00,0.0,0,IS,46.390634
2022-01-15 00:00:00+00:00,0.0,0,IS,46.390634
2022-01-16 00:00:00+00:00,-1.014711,1,IS,45.375922
2022-01-17 00:00:00+00:00,0.0,0,IS,45.375922
2022-01-18 00:00:00+00:00,2.468828,2,IS,47.844751
2022-01-19 00:00:00+00:00,0.0,0,IS,47.844751
2022-01-20 00:00:00+00:00,-1.014948,1,IS,46.829802
2022-01-21 00:00:00+00:00,5.978813,3,IS,52.808615
2022-01-22 00:00:00+00:00,2.490368,2,IS,55.298983
2022-01-23 00:00:00+00:00,-1.004542,1,IS,54.294441
2022-01-24 00:00:00+00:00,-1.005919,1,IS,53.288522
2022-01-25 00:00:00+00:00,0.0,0,IS,53.288522
2022-01-26 00:00:00+00:00,-1.007746,1,IS,52.280776
2022-01-27 00:00:00+00:00,0.0,0,IS,52.280776
2022-01-28 00:00:00+00:00,0.0,0,IS,52.280776
2022-01-29 00:00:00+00:00,0.0,0,IS,52.280776
2022-01-30 00:00:00+00:00,0.0,0,IS,52.280776
2022-01-31 00:00:00+00:00,-1.007863,1,IS,51.272913
2022-02-01 00:00:00+00:00,0.0,0,IS,51.272913
2022-02-02 00:00:00+00:00,-1.011072,1,IS,50.261841
2022-02-03 00:00:00+00:00,2.475661,2,IS,52.737501
2022-02-04 00:00:00+00:00,3.491694,1,IS,56.229195
2022-02-05 00:00:00+00:00,0.0,0,IS,56.229195
2022-02-06 00:00:00+00:00,3.491449,1,IS,59.720644
2022-02-07 00:00:00+00:00,1.462933,3,IS,61.183577
2022-02-08 00:00:00+00:00,1.465839,3,IS,62.649416
2022-02-09 00:00:00+00:00,-2.016745,2,IS,60.632671
2022-02-10 00:00:00+00:00,-4.039964,4,IS,56.592707
2022-02-11 00:00:00+00:00,0.0,0,IS,56.592707
2022-02-12 00:00:00+00:00,0.0,0,IS,56.592707
2022-02-13 00:00:00+00:00,0.0,0,IS,56.592707
2022-02-14 00:00:00+00:00,0.0,0,IS,56.592707
2022-02-15 00:00:00+00:00,0.0,0,IS,56.592707
2022-02-16 00:00:00+00:00,-1.01276,1,IS,55.579947
2022-02-17 00:00:00+00:00,6.979155,2,IS,62.559102
2022-02-18 00:00:00+00:00,0.0,0,IS,62.559102
2022-02-19 00:00:00+00:00,0.0,0,IS,62.559102
2022-02-20 00:00:00+00:00,4.952987,4,IS,67.512089
2022-02-21 00:00:00+00:00,-1.008953,1,IS,66.503136
2022-02-22 00:00:00+00:00,0.0,0,IS,66.503136
2022-02-23 00:00:00+00:00,0.0,0,IS,66.503136
2022-02-24 00:00:00+00:00,2.484926,2,IS,68.988063
2022-02-25 00:00:00+00:00,0.0,0,IS,68.988063
2022-02-26 00:00:00+00:00,0.0,0,IS,68.988063
2022-02-27 00:00:00+00:00,-1.006114,1,IS,67.981948
2022-02-28 00:00:00+00:00,3.493643,1,IS,71.475592
2022-03-01 00:00:00+00:00,0.0,0,IS,71.475592
2022-03-02 00:00:00+00:00,0.0,0,IS,71.475592
2022-03-03 00:00:00+00:00,-1.005532,1,IS,70.470059
2022-03-04 00:00:00+00:00,3.491938,1,IS,73.961997
2022-03-05 00:00:00+00:00,-1.007257,1,IS,72.95474
2022-03-06 00:00:00+00:00,-1.012714,1,IS,71.942026
2022-03-07 00:00:00+00:00,-1.008894,1,IS,70.933132
2022-03-08 00:00:00+00:00,0.0,0,IS,70.933132
2022-03-09 00:00:00+00:00,0.0,0,IS,70.933132
2022-03-10 00:00:00+00:00,-1.007204,1,IS,69.925928
2022-03-11 00:00:00+00:00,-1.008023,1,IS,68.917905
2022-03-12 00:00:00+00:00,0.0,0,IS,68.917905
2022-03-13 00:00:00+00:00,-1.016252,1,IS,67.901653
2022-03-14 00:00:00+00:00,-1.012668,1,IS,66.888984
2022-03-15 00:00:00+00:00,-1.010395,1,IS,65.878589
2022-03-16 00:00:00+00:00,-2.014463,2,IS,63.864126
2022-03-17 00:00:00+00:00,-1.00616,1,IS,62.857966
2022-03-18 00:00:00+00:00,0.0,0,IS,62.857966
2022-03-19 00:00:00+00:00,0.0,0,IS,62.857966
2022-03-20 00:00:00+00:00,-1.012798,1,IS,61.845168
2022-03-21 00:00:00+00:00,0.0,0,IS,61.845168
2022-03-22 00:00:00+00:00,2.476945,2,IS,64.322113
2022-03-23 00:00:00+00:00,-1.009568,1,IS,63.312545
2022-03-24 00:00:00+00:00,3.487492,1,IS,66.800037
2022-03-25 00:00:00+00:00,1.458543,3,IS,68.25858
2022-03-26 00:00:00+00:00,-1.013336,1,IS,67.245245
2022-03-27 00:00:00+00:00,2.454918,2,IS,69.700163
2022-03-28 00:00:00+00:00,4.948824,4,IS,74.648986
2022-03-29 00:00:00+00:00,-1.013031,1,IS,73.635955
2022-03-30 00:00:00+00:00,0.0,0,IS,73.635955
2022-03-31 00:00:00+00:00,0.0,0,IS,73.635955
2022-04-01 00:00:00+00:00,-1.011542,1,IS,72.624413
2022-04-02 00:00:00+00:00,0.0,0,IS,72.624413
2022-04-03 00:00:00+00:00,-1.014178,1,IS,71.610235
2022-04-04 00:00:00+00:00,0.0,0,IS,71.610235
2022-04-05 00:00:00+00:00,-1.011472,1,IS,70.598763
2022-04-06 00:00:00+00:00,2.476627,2,IS,73.07539
2022-04-07 00:00:00+00:00,0.0,0,IS,73.07539
2022-04-08 00:00:00+00:00,3.491002,1,IS,76.566392
2022-04-09 00:00:00+00:00,-1.010221,1,IS,75.556171
2022-04-10 00:00:00+00:00,0.0,0,IS,75.556171
2022-04-11 00:00:00+00:00,3.487409,1,IS,79.043579
2022-04-12 00:00:00+00:00,0.0,0,IS,79.043579
2022-04-13 00:00:00+00:00,-1.010022,1,IS,78.033558
2022-04-14 00:00:00+00:00,0.0,0,IS,78.033558
2022-04-15 00:00:00+00:00,-1.011764,1,IS,77.021793
2022-04-16 00:00:00+00:00,0.0,0,IS,77.021793
2022-04-17 00:00:00+00:00,0.0,0,IS,77.021793
2022-04-18 00:00:00+00:00,1.455508,3,IS,78.477301
2022-04-19 00:00:00+00:00,0.0,0,IS,78.477301
2022-04-20 00:00:00+00:00,1.454974,3,IS,79.932275
2022-04-21 00:00:00+00:00,2.471622,2,IS,82.403897
2022-04-22 00:00:00+00:00,0.0,0,IS,82.403897
2022-04-23 00:00:00+00:00,0.0,0,IS,82.403897
2022-04-24 00:00:00+00:00,3.490476,1,IS,85.894373
2022-04-25 00:00:00+00:00,-2.026321,2,IS,83.868052
2022-04-26 00:00:00+00:00,0.0,0,IS,83.868052
2022-04-27 00:00:00+00:00,-1.009806,1,IS,82.858246
2022-04-28 00:00:00+00:00,-1.011393,1,IS,81.846854
2022-04-29 00:00:00+00:00,-2.020255,2,IS,79.826599
2022-04-30 00:00:00+00:00,-1.018319,1,IS,78.808279
2022-05-01 00:00:00+00:00,-1.01588,1,IS,77.792399
2022-05-02 00:00:00+00:00,0.0,0,IS,77.792399
2022-05-03 00:00:00+00:00,-1.014174,1,IS,76.778225
2022-05-04 00:00:00+00:00,-3.042709,3,IS,73.735516
2022-05-05 00:00:00+00:00,5.968069,3,IS,79.703585
2022-05-06 00:00:00+00:00,0.0,0,IS,79.703585
2022-05-07 00:00:00+00:00,2.476829,2,IS,82.180414
2022-05-08 00:00:00+00:00,3.489483,1,IS,85.669897
2022-05-09 00:00:00+00:00,6.984447,2,IS,92.654344
2022-05-10 00:00:00+00:00,2.489531,2,IS,95.143876
2022-05-11 00:00:00+00:00,0.0,0,IS,95.143876
2022-05-12 00:00:00+00:00,-1.00269,1,IS,94.141186
2022-05-13 00:00:00+00:00,0.0,0,IS,94.141186
2022-05-14 00:00:00+00:00,0.0,0,IS,94.141186
2022-05-15 00:00:00+00:00,0.0,0,IS,94.141186
2022-05-16 00:00:00+00:00,0.0,0,IS,94.141186
2022-05-17 00:00:00+00:00,0.0,0,IS,94.141186
2022-05-18 00:00:00+00:00,-1.008663,1,IS,93.132523
2022-05-19 00:00:00+00:00,-1.007848,1,IS,92.124675
2022-05-20 00:00:00+00:00,-2.01696,2,IS,90.107716
2022-05-21 00:00:00+00:00,0.0,0,IS,90.107716
2022-05-22 00:00:00+00:00,-2.028667,2,IS,88.079049
2022-05-23 00:00:00+00:00,-1.01263,1,IS,87.066419
2022-05-24 00:00:00+00:00,-1.009537,1,IS,86.056881
2022-05-25 00:00:00+00:00,-1.010689,1,IS,85.046192
2022-05-26 00:00:00+00:00,0.0,0,IS,85.046192
2022-05-27 00:00:00+00:00,0.0,0,IS,85.046192
2022-05-28 00:00:00+00:00,0.0,0,IS,85.046192
2022-05-29 00:00:00+00:00,-1.018577,1,IS,84.027615
2022-05-30 00:00:00+00:00,10.449701,3,IS,94.477316
2022-05-31 00:00:00+00:00,1.469928,3,IS,95.947244
2022-06-01 00:00:00+00:00,0.0,0,IS,95.947244
2022-06-02 00:00:00+00:00,0.0,0,IS,95.947244
2022-06-03 00:00:00+00:00,-1.011213,1,IS,94.936031
2022-06-04 00:00:00+00:00,0.0,0,IS,94.936031
2022-06-05 00:00:00+00:00,0.0,0,IS,94.936031
2022-06-06 00:00:00+00:00,0.0,0,IS,94.936031
2022-06-07 00:00:00+00:00,-4.043259,4,IS,90.892773
2022-06-08 00:00:00+00:00,-2.014797,2,IS,88.877976
2022-06-09 00:00:00+00:00,0.0,0,IS,88.877976
2022-06-10 00:00:00+00:00,0.0,0,IS,88.877976
2022-06-11 00:00:00+00:00,3.488842,1,IS,92.366817
2022-06-12 00:00:00+00:00,1.470671,3,IS,93.837488
2022-06-13 00:00:00+00:00,9.478171,4,IS,103.315658
2022-06-14 00:00:00+00:00,-1.003667,1,IS,102.311992
2022-06-15 00:00:00+00:00,-1.003553,1,IS,101.308438
2022-06-16 00:00:00+00:00,0.0,0,IS,101.308438
2022-06-17 00:00:00+00:00,-2.009377,2,IS,99.299061
2022-06-18 00:00:00+00:00,2.488979,2,IS,101.78804
2022-06-19 00:00:00+00:00,0.0,0,IS,101.78804
2022-06-20 00:00:00+00:00,0.0,0,IS,101.78804
2022-06-21 00:00:00+00:00,0.0,0,IS,101.78804
2022-06-22 00:00:00+00:00,0.0,0,IS,101.78804
2022-06-23 00:00:00+00:00,0.0,0,IS,101.78804
2022-06-24 00:00:00+00:00,-1.007037,1,IS,100.781004
2022-06-25 00:00:00+00:00,-1.009287,1,IS,99.771716
2022-06-26 00:00:00+00:00,-2.022596,2,IS,97.74912
2022-06-27 00:00:00+00:00,-1.010565,1,IS,96.738555
2022-06-28 00:00:00+00:00,0.0,0,IS,96.738555
2022-06-29 00:00:00+00:00,-2.020401,2,IS,94.718154
2022-06-30 00:00:00+00:00,1.473759,3,IS,96.191913
2022-07-01 00:00:00+00:00,0.0,0,IS,96.191913
2022-07-02 00:00:00+00:00,0.0,0,IS,96.191913
2022-07-03 00:00:00+00:00,0.0,0,IS,96.191913
2022-07-04 00:00:00+00:00,-1.01199,1,IS,95.179923
2022-07-05 00:00:00+00:00,-1.00945,1,IS,94.170473
2022-07-06 00:00:00+00:00,-1.008034,1,IS,93.162439
2022-07-07 00:00:00+00:00,3.491335,1,IS,96.653774
2022-07-08 00:00:00+00:00,0.466095,4,IS,97.119869
2022-07-09 00:00:00+00:00,0.0,0,IS,97.119869
2022-07-10 00:00:00+00:00,0.0,0,IS,97.119869
2022-07-11 00:00:00+00:00,-2.020794,2,IS,95.099075
2022-07-12 00:00:00+00:00,3.489938,1,IS,98.589013
2022-07-13 00:00:00+00:00,-1.009943,1,IS,97.57907
2022-07-14 00:00:00+00:00,0.0,0,IS,97.57907
2022-07-15 00:00:00+00:00,-1.007038,1,IS,96.572032
2022-07-16 00:00:00+00:00,1.469633,3,IS,98.041665
2022-07-17 00:00:00+00:00,-1.010212,1,IS,97.031453
2022-07-18 00:00:00+00:00,2.482802,2,IS,99.514256
2022-07-19 00:00:00+00:00,2.487166,2,IS,102.001422
2022-07-20 00:00:00+00:00,0.0,0,IS,102.001422
2022-07-21 00:00:00+00:00,-1.005868,1,IS,100.995554
2022-07-22 00:00:00+00:00,-1.008868,1,IS,99.986686
2022-07-23 00:00:00+00:00,-1.009581,1,IS,98.977105
2022-07-24 00:00:00+00:00,0.0,0,IS,98.977105
2022-07-25 00:00:00+00:00,-1.009108,1,IS,97.967997
2022-07-26 00:00:00+00:00,0.0,0,IS,97.967997
2022-07-27 00:00:00+00:00,-1.008375,1,IS,96.959622
2022-07-28 00:00:00+00:00,10.473304,3,IS,107.432925
2022-07-29 00:00:00+00:00,-2.01497,2,IS,105.417955
2022-07-30 00:00:00+00:00,-1.010546,1,IS,104.407409
2022-07-31 00:00:00+00:00,0.0,0,IS,104.407409
2022-08-01 00:00:00+00:00,0.0,0,IS,104.407409
2022-08-02 00:00:00+00:00,0.0,0,IS,104.407409
2022-08-03 00:00:00+00:00,0.0,0,IS,104.407409
2022-08-04 00:00:00+00:00,0.0,0,IS,104.407409
2022-08-05 00:00:00+00:00,0.0,0,IS,104.407409
2022-08-06 00:00:00+00:00,0.0,0,IS,104.407409
2022-08-07 00:00:00+00:00,-1.020907,1,IS,103.386502
2022-08-08 00:00:00+00:00,3.916277,5,IS,107.302779
2022-08-09 00:00:00+00:00,-1.013917,1,IS,106.288862
2022-08-10 00:00:00+00:00,-4.048463,4,IS,102.240399
2022-08-11 00:00:00+00:00,2.479465,2,IS,104.719864
2022-08-12 00:00:00+00:00,0.0,0,IS,104.719864
2022-08-13 00:00:00+00:00,0.0,0,IS,104.719864
2022-08-14 00:00:00+00:00,0.0,0,IS,104.719864
2022-08-15 00:00:00+00:00,-2.026778,2,IS,102.693085
2022-08-16 00:00:00+00:00,0.0,0,IS,102.693085
2022-08-17 00:00:00+00:00,-1.011781,1,IS,101.681305
2022-08-18 00:00:00+00:00,0.0,0,IS,101.681305
2022-08-19 00:00:00+00:00,6.976539,2,IS,108.657844
2022-08-20 00:00:00+00:00,-2.019283,2,IS,106.638561
2022-08-21 00:00:00+00:00,0.0,0,IS,106.638561
2022-08-22 00:00:00+00:00,0.0,0,IS,106.638561
2022-08-23 00:00:00+00:00,0.0,0,IS,106.638561
2022-08-24 00:00:00+00:00,0.0,0,IS,106.638561
2022-08-25 00:00:00+00:00,-1.014699,1,IS,105.623862
2022-08-26 00:00:00+00:00,0.0,0,IS,105.623862
2022-08-27 00:00:00+00:00,3.491032,1,IS,109.114894
2022-08-28 00:00:00+00:00,3.486973,1,IS,112.601867
2022-08-29 00:00:00+00:00,-1.014027,1,IS,111.58784
2022-08-30 00:00:00+00:00,-1.010231,1,IS,110.57761
2022-08-31 00:00:00+00:00,0.0,0,IS,110.57761
2022-09-01 00:00:00+00:00,0.0,0,IS,110.57761
2022-09-02 00:00:00+00:00,-2.026595,2,IS,108.551015
2022-09-03 00:00:00+00:00,0.0,0,IS,108.551015
2022-09-04 00:00:00+00:00,0.0,0,IS,108.551015
2022-09-05 00:00:00+00:00,0.0,0,IS,108.551015
2022-09-06 00:00:00+00:00,-1.016341,1,IS,107.534674
2022-09-07 00:00:00+00:00,-1.009813,1,IS,106.524861
2022-09-08 00:00:00+00:00,0.0,0,IS,106.524861
2022-09-09 00:00:00+00:00,6.977696,2,IS,113.502558
2022-09-10 00:00:00+00:00,-2.022237,2,IS,111.480321
2022-09-11 00:00:00+00:00,0.0,0,IS,111.480321
2022-09-12 00:00:00+00:00,2.478221,2,IS,113.958542
2022-09-13 00:00:00+00:00,-1.009249,1,IS,112.949293
2022-09-14 00:00:00+00:00,0.0,0,IS,112.949293
2022-09-15 00:00:00+00:00,0.0,0,IS,112.949293
2022-09-16 00:00:00+00:00,0.0,0,IS,112.949293
2022-09-17 00:00:00+00:00,0.654494,1,IS,113.603787
2022-09-18 00:00:00+00:00,0.0,0,IS,113.603787
2022-09-19 00:00:00+00:00,2.47714,2,IS,116.080927
2022-09-20 00:00:00+00:00,0.0,0,IS,116.080927
2022-09-21 00:00:00+00:00,-1.008924,1,IS,115.072003
2022-09-22 00:00:00+00:00,0.0,0,IS,115.072003
2022-09-23 00:00:00+00:00,-1.007943,1,IS,114.064059
2022-09-24 00:00:00+00:00,-1.008658,1,IS,113.055401
2022-09-25 00:00:00+00:00,0.0,0,IS,113.055401
2022-09-26 00:00:00+00:00,-1.011842,1,IS,112.043559
2022-09-27 00:00:00+00:00,2.478259,2,IS,114.521818
2022-09-28 00:00:00+00:00,-1.007476,1,IS,113.514342
2022-09-29 00:00:00+00:00,-1.008305,1,IS,112.506036
2022-09-30 00:00:00+00:00,-1.009189,1,IS,111.496847
2022-10-01 00:00:00+00:00,0.0,0,IS,111.496847
2022-10-02 00:00:00+00:00,-1.019949,1,IS,110.476899
2022-10-03 00:00:00+00:00,0.0,0,IS,110.476899
2022-10-04 00:00:00+00:00,5.956156,3,IS,116.433055
2022-10-05 00:00:00+00:00,-1.013173,1,IS,115.419882
2022-10-06 00:00:00+00:00,-1.011659,1,IS,114.408223
2022-10-07 00:00:00+00:00,0.0,0,IS,114.408223
2022-10-08 00:00:00+00:00,0.0,0,IS,114.408223
2022-10-09 00:00:00+00:00,0.0,0,IS,114.408223
2022-10-10 00:00:00+00:00,3.48672,1,IS,117.894942
2022-10-11 00:00:00+00:00,0.0,0,IS,117.894942
2022-10-12 00:00:00+00:00,0.0,0,IS,117.894942
2022-10-13 00:00:00+00:00,-3.040934,3,IS,114.854008
2022-10-14 00:00:00+00:00,-1.008706,1,IS,113.845303
2022-10-15 00:00:00+00:00,0.0,0,IS,113.845303
2022-10-16 00:00:00+00:00,0.0,0,IS,113.845303
2022-10-17 00:00:00+00:00,0.0,0,IS,113.845303
2022-10-18 00:00:00+00:00,1.434841,3,IS,115.280144
2022-10-19 00:00:00+00:00,0.0,0,IS,115.280144
2022-10-20 00:00:00+00:00,-1.017081,1,IS,114.263063
2022-10-21 00:00:00+00:00,0.0,0,IS,114.263063
2022-10-22 00:00:00+00:00,0.0,0,IS,114.263063
2022-10-23 00:00:00+00:00,3.465328,1,IS,117.72839
2022-10-24 00:00:00+00:00,-1.024003,1,IS,116.704387
2022-10-25 00:00:00+00:00,4.920216,4,IS,121.624603
2022-10-26 00:00:00+00:00,6.971327,2,IS,128.59593
2022-10-27 00:00:00+00:00,-1.011923,1,IS,127.584007
2022-10-28 00:00:00+00:00,0.0,0,IS,127.584007
2022-10-29 00:00:00+00:00,0.0,0,IS,127.584007
2022-10-30 00:00:00+00:00,-1.011687,1,IS,126.57232
2022-10-31 00:00:00+00:00,0.0,0,IS,126.57232
2022-11-01 00:00:00+00:00,0.0,0,IS,126.57232
2022-11-02 00:00:00+00:00,0.0,0,IS,126.57232
2022-11-03 00:00:00+00:00,-1.012778,1,IS,125.559541
2022-11-04 00:00:00+00:00,1.448493,3,IS,127.008034
2022-11-05 00:00:00+00:00,0.0,0,IS,127.008034
2022-11-06 00:00:00+00:00,0.0,0,IS,127.008034
2022-11-07 00:00:00+00:00,-1.011036,1,IS,125.996998
2022-11-08 00:00:00+00:00,1.460966,3,IS,127.457964
2022-11-09 00:00:00+00:00,6.991876,2,IS,134.44984
2022-11-10 00:00:00+00:00,-2.006404,2,IS,132.443436
2022-11-11 00:00:00+00:00,0.0,0,IS,132.443436
2022-11-12 00:00:00+00:00,0.0,0,IS,132.443436
2022-11-13 00:00:00+00:00,0.0,0,IS,132.443436
2022-11-14 00:00:00+00:00,1.470637,3,IS,133.914073
2022-11-15 00:00:00+00:00,0.0,0,IS,133.914073
2022-11-16 00:00:00+00:00,-1.010213,1,IS,132.90386
2022-11-17 00:00:00+00:00,0.0,0,IS,132.90386
2022-11-18 00:00:00+00:00,-1.014091,1,IS,131.889769
2022-11-19 00:00:00+00:00,0.0,0,IS,131.889769
2022-11-20 00:00:00+00:00,0.0,0,IS,131.889769
2022-11-21 00:00:00+00:00,9.445009,4,IS,141.334778
2022-11-22 00:00:00+00:00,-1.009507,1,IS,140.325271
2022-11-23 00:00:00+00:00,-2.021281,2,IS,138.30399
2022-11-24 00:00:00+00:00,-1.010833,1,IS,137.293157
2022-11-25 00:00:00+00:00,0.0,0,IS,137.293157
2022-11-26 00:00:00+00:00,-1.021888,1,IS,136.27127
2022-11-27 00:00:00+00:00,0.0,0,IS,136.27127
2022-11-28 00:00:00+00:00,-2.042059,2,IS,134.22921
2022-11-29 00:00:00+00:00,0.0,0,IS,134.22921
2022-11-30 00:00:00+00:00,-1.015193,1,IS,133.214018
2022-12-01 00:00:00+00:00,2.462103,2,IS,135.676121
2022-12-02 00:00:00+00:00,0.0,0,IS,135.676121
2022-12-03 00:00:00+00:00,-1.02258,1,IS,134.65354
2022-12-04 00:00:00+00:00,0.0,0,IS,134.65354
2022-12-05 00:00:00+00:00,2.449644,2,IS,137.103184
2022-12-06 00:00:00+00:00,0.0,0,IS,137.103184
2022-12-07 00:00:00+00:00,-1.023001,1,IS,136.080184
2022-12-08 00:00:00+00:00,-1.022365,1,IS,135.057819
2022-12-09 00:00:00+00:00,-1.02447,1,IS,134.033349
2022-12-10 00:00:00+00:00,-1.043841,1,IS,132.989507
2022-12-11 00:00:00+00:00,-1.064509,1,IS,131.924998
2022-12-12 00:00:00+00:00,-1.034407,1,IS,130.890591
2022-12-13 00:00:00+00:00,1.423069,3,IS,132.31366
2022-12-14 00:00:00+00:00,2.469728,2,IS,134.783388
2022-12-15 00:00:00+00:00,0.0,0,IS,134.783388
2022-12-16 00:00:00+00:00,2.469525,2,IS,137.252914
2022-12-17 00:00:00+00:00,0.0,0,IS,137.252914
2022-12-18 00:00:00+00:00,-1.014621,1,IS,136.238293
2022-12-19 00:00:00+00:00,-1.023869,1,IS,135.214424
2022-12-20 00:00:00+00:00,0.0,0,IS,135.214424
2022-12-21 00:00:00+00:00,0.0,0,IS,135.214424
2022-12-22 00:00:00+00:00,-1.026764,1,IS,134.187661
2022-12-23 00:00:00+00:00,0.0,0,IS,134.187661
2022-12-24 00:00:00+00:00,0.0,0,IS,134.187661
2022-12-25 00:00:00+00:00,0.0,0,IS,134.187661
2022-12-26 00:00:00+00:00,-1.047474,1,IS,133.140187
2022-12-27 00:00:00+00:00,-1.04829,1,IS,132.091897
2022-12-28 00:00:00+00:00,-2.058461,2,IS,130.033436
2022-12-29 00:00:00+00:00,0.0,0,IS,130.033436
2022-12-30 00:00:00+00:00,-2.062309,2,IS,127.971128
2022-12-31 00:00:00+00:00,0.0,0,IS,127.971128
2023-01-01 00:00:00+00:00,0.0,0,OOS,127.971128
2023-01-02 00:00:00+00:00,0.324065,4,OOS,128.295193
2023-01-03 00:00:00+00:00,0.0,0,OOS,128.295193
2023-01-04 00:00:00+00:00,-0.688727,5,OOS,127.606466
2023-01-05 00:00:00+00:00,0.0,0,OOS,127.606466
2023-01-06 00:00:00+00:00,0.0,0,OOS,127.606466
2023-01-07 00:00:00+00:00,0.0,0,OOS,127.606466
2023-01-08 00:00:00+00:00,3.471282,1,OOS,131.077748
2023-01-09 00:00:00+00:00,2.423148,2,OOS,133.500896
2023-01-10 00:00:00+00:00,0.0,0,OOS,133.500896
2023-01-11 00:00:00+00:00,6.940658,2,OOS,140.441554
2023-01-12 00:00:00+00:00,2.900654,6,OOS,143.342207
2023-01-13 00:00:00+00:00,3.491667,1,OOS,146.833874
2023-01-14 00:00:00+00:00,3.488711,1,OOS,150.322585
2023-01-15 00:00:00+00:00,0.0,0,OOS,150.322585
2023-01-16 00:00:00+00:00,-2.023483,2,OOS,148.299102
2023-01-17 00:00:00+00:00,-1.010773,1,OOS,147.288329
2023-01-18 00:00:00+00:00,-1.014376,1,OOS,146.273953
2023-01-19 00:00:00+00:00,0.0,0,OOS,146.273953
2023-01-20 00:00:00+00:00,3.484014,1,OOS,149.757967
2023-01-21 00:00:00+00:00,6.974705,2,OOS,156.732672
2023-01-22 00:00:00+00:00,-1.009713,1,OOS,155.722959
2023-01-23 00:00:00+00:00,-1.010793,1,OOS,154.712166
2023-01-24 00:00:00+00:00,0.0,0,OOS,154.712166
2023-01-25 00:00:00+00:00,3.48586,1,OOS,158.198026
2023-01-26 00:00:00+00:00,0.0,0,OOS,158.198026
2023-01-27 00:00:00+00:00,-1.013379,1,OOS,157.184647
2023-01-28 00:00:00+00:00,0.0,0,OOS,157.184647
2023-01-29 00:00:00+00:00,6.9614,2,OOS,164.146047
2023-01-30 00:00:00+00:00,-1.01564,1,OOS,163.130406
2023-01-31 00:00:00+00:00,0.0,0,OOS,163.130406
2023-02-01 00:00:00+00:00,0.0,0,OOS,163.130406
2023-02-02 00:00:00+00:00,-0.562023,5,OOS,162.568384
2023-02-03 00:00:00+00:00,0.0,0,OOS,162.568384
2023-02-04 00:00:00+00:00,0.0,0,OOS,162.568384
2023-02-05 00:00:00+00:00,3.475549,1,OOS,166.043933
2023-02-06 00:00:00+00:00,3.477786,1,OOS,169.521719
2023-02-07 00:00:00+00:00,0.0,0,OOS,169.521719
2023-02-08 00:00:00+00:00,0.0,0,OOS,169.521719
2023-02-09 00:00:00+00:00,-1.016039,1,OOS,168.50568
2023-02-10 00:00:00+00:00,0.0,0,OOS,168.50568
2023-02-11 00:00:00+00:00,0.0,0,OOS,168.50568
2023-02-12 00:00:00+00:00,-1.011138,1,OOS,167.494542
2023-02-13 00:00:00+00:00,0.0,0,OOS,167.494542
2023-02-14 00:00:00+00:00,-1.013927,1,OOS,166.480615
2023-02-15 00:00:00+00:00,9.437477,4,OOS,175.918092
2023-02-16 00:00:00+00:00,5.968584,3,OOS,181.886676
2023-02-17 00:00:00+00:00,-1.008712,1,OOS,180.877964
2023-02-18 00:00:00+00:00,0.0,0,OOS,180.877964
2023-02-19 00:00:00+00:00,-1.007259,1,OOS,179.870705
2023-02-20 00:00:00+00:00,-2.022101,2,OOS,177.848604
2023-02-21 00:00:00+00:00,-2.029459,2,OOS,175.819145
2023-02-22 00:00:00+00:00,-2.021482,2,OOS,173.797663
2023-02-23 00:00:00+00:00,0.0,0,OOS,173.797663
2023-02-24 00:00:00+00:00,0.0,0,OOS,173.797663
2023-02-25 00:00:00+00:00,0.0,0,OOS,173.797663
2023-02-26 00:00:00+00:00,-1.012105,1,OOS,172.785558
2023-02-27 00:00:00+00:00,0.0,0,OOS,172.785558
2023-02-28 00:00:00+00:00,0.0,0,OOS,172.785558
2023-03-01 00:00:00+00:00,-1.013423,1,OOS,171.772135
2023-03-02 00:00:00+00:00,0.0,0,OOS,171.772135
2023-03-03 00:00:00+00:00,-1.00991,1,OOS,170.762225
2023-03-04 00:00:00+00:00,0.0,0,OOS,170.762225
2023-03-05 00:00:00+00:00,-1.009846,1,OOS,169.75238
2023-03-06 00:00:00+00:00,0.0,0,OOS,169.75238
2023-03-07 00:00:00+00:00,-1.017139,1,OOS,168.73524
2023-03-08 00:00:00+00:00,-1.016688,1,OOS,167.718553
2023-03-09 00:00:00+00:00,5.964629,3,OOS,173.683182
2023-03-10 00:00:00+00:00,0.0,0,OOS,173.683182
2023-03-11 00:00:00+00:00,-1.008926,1,OOS,172.674256
2023-03-12 00:00:00+00:00,0.0,0,OOS,172.674256
2023-03-13 00:00:00+00:00,6.984912,2,OOS,179.659169
2023-03-14 00:00:00+00:00,5.980163,3,OOS,185.639331
2023-03-15 00:00:00+00:00,0.0,0,OOS,185.639331
2023-03-16 00:00:00+00:00,-1.008054,1,OOS,184.631277
2023-03-17 00:00:00+00:00,10.473796,3,OOS,195.105073
2023-03-18 00:00:00+00:00,-1.007538,1,OOS,194.097535
2023-03-19 00:00:00+00:00,0.0,0,OOS,194.097535
2023-03-20 00:00:00+00:00,-3.02702,3,OOS,191.070515
2023-03-21 00:00:00+00:00,-1.008873,1,OOS,190.061642
2023-03-22 00:00:00+00:00,-2.026323,2,OOS,188.035319
2023-03-23 00:00:00+00:00,-1.008578,1,OOS,187.026741
2023-03-24 00:00:00+00:00,0.0,0,OOS,187.026741
2023-03-25 00:00:00+00:00,0.0,0,OOS,187.026741
2023-03-26 00:00:00+00:00,0.0,0,OOS,187.026741
2023-03-27 00:00:00+00:00,-2.02317,2,OOS,185.003571
2023-03-28 00:00:00+00:00,0.0,0,OOS,185.003571
2023-03-29 00:00:00+00:00,0.0,0,OOS,185.003571
2023-03-30 00:00:00+00:00,1.465747,3,OOS,186.469318
2023-03-31 00:00:00+00:00,-1.010525,1,OOS,185.458793
2023-04-01 00:00:00+00:00,-1.011678,1,OOS,184.447115
2023-04-02 00:00:00+00:00,0.0,0,OOS,184.447115
2023-04-03 00:00:00+00:00,-1.015033,1,OOS,183.432082
2023-04-04 00:00:00+00:00,0.0,0,OOS,183.432082
2023-04-05 00:00:00+00:00,-3.042375,3,OOS,180.389707
2023-04-06 00:00:00+00:00,0.0,0,OOS,180.389707
2023-04-07 00:00:00+00:00,0.0,0,OOS,180.389707
2023-04-08 00:00:00+00:00,0.0,0,OOS,180.389707
2023-04-09 00:00:00+00:00,-1.024566,1,OOS,179.36514
2023-04-10 00:00:00+00:00,1.434459,3,OOS,180.7996
2023-04-11 00:00:00+00:00,3.483741,1,OOS,184.283341
2023-04-12 00:00:00+00:00,-1.012859,1,OOS,183.270482
2023-04-13 00:00:00+00:00,0.0,0,OOS,183.270482
2023-04-14 00:00:00+00:00,1.450604,3,OOS,184.721086
2023-04-15 00:00:00+00:00,0.0,0,OOS,184.721086
2023-04-16 00:00:00+00:00,-1.033091,1,OOS,183.687994
2023-04-17 00:00:00+00:00,-1.020064,1,OOS,182.66793
2023-04-18 00:00:00+00:00,-2.034291,2,OOS,180.633639
2023-04-19 00:00:00+00:00,-2.026954,2,OOS,178.606685
2023-04-20 00:00:00+00:00,3.48832,1,OOS,182.095006
2023-04-21 00:00:00+00:00,3.489188,1,OOS,185.584194
2023-04-22 00:00:00+00:00,0.0,0,OOS,185.584194
2023-04-23 00:00:00+00:00,0.0,0,OOS,185.584194
2023-04-24 00:00:00+00:00,3.487829,1,OOS,189.072023
2023-04-25 00:00:00+00:00,0.0,0,OOS,189.072023
2023-04-26 00:00:00+00:00,4.949843,4,OOS,194.021865
2023-04-27 00:00:00+00:00,-1.007457,1,OOS,193.014408
2023-04-28 00:00:00+00:00,0.0,0,OOS,193.014408
2023-04-29 00:00:00+00:00,0.0,0,OOS,193.014408
2023-04-30 00:00:00+00:00,3.470218,1,OOS,196.484626
2023-05-01 00:00:00+00:00,2.475964,2,OOS,198.96059
2023-05-02 00:00:00+00:00,0.0,0,OOS,198.96059
2023-05-03 00:00:00+00:00,0.0,0,OOS,198.96059
2023-05-04 00:00:00+00:00,-1.010489,1,OOS,197.950101
2023-05-05 00:00:00+00:00,-1.014618,1,OOS,196.935483
2023-05-06 00:00:00+00:00,-1.013615,1,OOS,195.921868
2023-05-07 00:00:00+00:00,0.0,0,OOS,195.921868
2023-05-08 00:00:00+00:00,3.482742,1,OOS,199.404609
2023-05-09 00:00:00+00:00,0.0,0,OOS,199.404609
2023-05-10 00:00:00+00:00,-1.013735,1,OOS,198.390874
2023-05-11 00:00:00+00:00,0.0,0,OOS,198.390874
2023-05-12 00:00:00+00:00,3.488504,1,OOS,201.879378
2023-05-13 00:00:00+00:00,0.0,0,OOS,201.879378
2023-05-14 00:00:00+00:00,0.0,0,OOS,201.879378
2023-05-15 00:00:00+00:00,-1.019218,1,OOS,200.86016
2023-05-16 00:00:00+00:00,0.0,0,OOS,200.86016
2023-05-17 00:00:00+00:00,-2.039061,2,OOS,198.8211
2023-05-18 00:00:00+00:00,-4.067308,4,OOS,194.753792
2023-05-19 00:00:00+00:00,0.0,0,OOS,194.753792
2023-05-20 00:00:00+00:00,0.0,0,OOS,194.753792
2023-05-21 00:00:00+00:00,-2.058209,2,OOS,192.695583
2023-05-22 00:00:00+00:00,-1.024554,1,OOS,191.671029
2023-05-23 00:00:00+00:00,0.0,0,OOS,191.671029
2023-05-24 00:00:00+00:00,3.902692,5,OOS,195.573721
2023-05-25 00:00:00+00:00,-1.016007,1,OOS,194.557714
2023-05-26 00:00:00+00:00,0.0,0,OOS,194.557714
2023-05-27 00:00:00+00:00,0.0,0,OOS,194.557714
2023-05-28 00:00:00+00:00,10.415804,3,OOS,204.973518
2023-05-29 00:00:00+00:00,1.448942,3,OOS,206.42246
2023-05-30 00:00:00+00:00,-1.020593,1,OOS,205.401866
2023-05-31 00:00:00+00:00,-2.037019,2,OOS,203.364847
2023-06-01 00:00:00+00:00,-1.015382,1,OOS,202.349465
2023-06-02 00:00:00+00:00,0.0,0,OOS,202.349465
2023-06-03 00:00:00+00:00,0.0,0,OOS,202.349465
2023-06-04 00:00:00+00:00,0.0,0,OOS,202.349465
2023-06-05 00:00:00+00:00,5.94875,3,OOS,208.298215
2023-06-06 00:00:00+00:00,-1.013113,1,OOS,207.285101
2023-06-07 00:00:00+00:00,-2.023515,2,OOS,205.261586
2023-06-08 00:00:00+00:00,-1.014633,1,OOS,204.246953
2023-06-09 00:00:00+00:00,-1.021934,1,OOS,203.225019
2023-06-10 00:00:00+00:00,-2.036592,2,OOS,201.188428
2023-06-11 00:00:00+00:00,0.0,0,OOS,201.188428
2023-06-12 00:00:00+00:00,0.0,0,OOS,201.188428
2023-06-13 00:00:00+00:00,0.0,0,OOS,201.188428
2023-06-14 00:00:00+00:00,-1.013346,1,OOS,200.175082
2023-06-15 00:00:00+00:00,-1.013214,1,OOS,199.161867
2023-06-16 00:00:00+00:00,3.48455,1,OOS,202.646417
2023-06-17 00:00:00+00:00,0.0,0,OOS,202.646417
2023-06-18 00:00:00+00:00,0.0,0,OOS,202.646417
2023-06-19 00:00:00+00:00,2.463154,2,OOS,205.109571
2023-06-20 00:00:00+00:00,6.967189,2,OOS,212.076761
2023-06-21 00:00:00+00:00,10.463825,3,OOS,222.540586
2023-06-22 00:00:00+00:00,-2.021594,2,OOS,220.518991
2023-06-23 00:00:00+00:00,1.465886,3,OOS,221.984877
2023-06-24 00:00:00+00:00,0.0,0,OOS,221.984877
2023-06-25 00:00:00+00:00,0.0,0,OOS,221.984877
2023-06-26 00:00:00+00:00,0.0,0,OOS,221.984877
2023-06-27 00:00:00+00:00,-2.035389,2,OOS,219.949488
2023-06-28 00:00:00+00:00,0.0,0,OOS,219.949488
2023-06-29 00:00:00+00:00,0.0,0,OOS,219.949488
2023-06-30 00:00:00+00:00,-1.01401,1,OOS,218.935478
2023-07-01 00:00:00+00:00,0.0,0,OOS,218.935478
2023-07-02 00:00:00+00:00,0.0,0,OOS,218.935478
2023-07-03 00:00:00+00:00,1.424223,3,OOS,220.359701
2023-07-04 00:00:00+00:00,-1.01705,1,OOS,219.342651
2023-07-05 00:00:00+00:00,-1.023295,1,OOS,218.319356
2023-07-06 00:00:00+00:00,2.461245,2,OOS,220.780601
2023-07-07 00:00:00+00:00,0.0,0,OOS,220.780601
2023-07-08 00:00:00+00:00,0.0,0,OOS,220.780601
2023-07-09 00:00:00+00:00,0.0,0,OOS,220.780601
2023-07-10 00:00:00+00:00,2.445772,2,OOS,223.226374
2023-07-11 00:00:00+00:00,-2.037622,2,OOS,221.188752
2023-07-12 00:00:00+00:00,-1.024254,1,OOS,220.164497
2023-07-13 00:00:00+00:00,6.956417,2,OOS,227.120914
2023-07-14 00:00:00+00:00,-1.011849,1,OOS,226.109065
2023-07-15 00:00:00+00:00,-1.011929,1,OOS,225.097136
2023-07-16 00:00:00+00:00,-1.033004,1,OOS,224.064132
2023-07-17 00:00:00+00:00,-1.023409,1,OOS,223.040723
2023-07-18 00:00:00+00:00,0.0,0,OOS,223.040723
2023-07-19 00:00:00+00:00,0.0,0,OOS,223.040723
2023-07-20 00:00:00+00:00,-1.021667,1,OOS,222.019057
2023-07-21 00:00:00+00:00,0.0,0,OOS,222.019057
2023-07-22 00:00:00+00:00,0.0,0,OOS,222.019057
2023-07-23 00:00:00+00:00,-2.075754,2,OOS,219.943302
2023-07-24 00:00:00+00:00,0.0,0,OOS,219.943302
2023-07-25 00:00:00+00:00,-1.018505,1,OOS,218.924797
2023-07-26 00:00:00+00:00,0.0,0,OOS,218.924797
2023-07-27 00:00:00+00:00,0.0,0,OOS,218.924797
2023-07-28 00:00:00+00:00,0.0,0,OOS,218.924797
2023-07-29 00:00:00+00:00,0.0,0,OOS,218.924797
2023-07-30 00:00:00+00:00,0.0,0,OOS,218.924797
2023-07-31 00:00:00+00:00,-2.068736,2,OOS,216.856061
2023-08-01 00:00:00+00:00,-1.02265,1,OOS,215.83341
2023-08-02 00:00:00+00:00,-1.018306,1,OOS,214.815104
2023-08-03 00:00:00+00:00,-1.023558,1,OOS,213.791546
2023-08-04 00:00:00+00:00,0.0,0,OOS,213.791546
2023-08-05 00:00:00+00:00,0.0,0,OOS,213.791546
2023-08-06 00:00:00+00:00,0.0,0,OOS,213.791546
2023-08-07 00:00:00+00:00,-1.034288,1,OOS,212.757258
2023-08-08 00:00:00+00:00,4.891721,4,OOS,217.648979
2023-08-09 00:00:00+00:00,-2.0407,2,OOS,215.608279
2023-08-10 00:00:00+00:00,0.0,0,OOS,215.608279
2023-08-11 00:00:00+00:00,0.0,0,OOS,215.608279
2023-08-12 00:00:00+00:00,0.0,0,OOS,215.608279
2023-08-13 00:00:00+00:00,0.0,0,OOS,215.608279
2023-08-14 00:00:00+00:00,-1.07289,1,OOS,214.535389
2023-08-15 00:00:00+00:00,0.0,0,OOS,214.535389
2023-08-16 00:00:00+00:00,0.0,0,OOS,214.535389
2023-08-17 00:00:00+00:00,16.374349,6,OOS,230.909738
2023-08-18 00:00:00+00:00,0.0,0,OOS,230.909738
2023-08-19 00:00:00+00:00,0.0,0,OOS,230.909738
2023-08-20 00:00:00+00:00,0.0,0,OOS,230.909738
2023-08-21 00:00:00+00:00,0.0,0,OOS,230.909738
2023-08-22 00:00:00+00:00,1.101133,1,OOS,232.010871
2023-08-23 00:00:00+00:00,0.0,0,OOS,232.010871
2023-08-24 00:00:00+00:00,-1.014314,1,OOS,230.996557
2023-08-25 00:00:00+00:00,-1.019111,1,OOS,229.977445
2023-08-26 00:00:00+00:00,0.0,0,OOS,229.977445
2023-08-27 00:00:00+00:00,0.0,0,OOS,229.977445
2023-08-28 00:00:00+00:00,0.0,0,OOS,229.977445
2023-08-29 00:00:00+00:00,2.473523,2,OOS,232.450969
2023-08-30 00:00:00+00:00,-3.036589,3,OOS,229.41438
2023-08-31 00:00:00+00:00,0.0,0,OOS,229.41438
2023-09-01 00:00:00+00:00,3.487043,1,OOS,232.901423
2023-09-02 00:00:00+00:00,-1.014962,1,OOS,231.886461
2023-09-03 00:00:00+00:00,0.0,0,OOS,231.886461
2023-09-04 00:00:00+00:00,-1.026788,1,OOS,230.859673
2023-09-05 00:00:00+00:00,0.0,0,OOS,230.859673
2023-09-06 00:00:00+00:00,0.0,0,OOS,230.859673
2023-09-07 00:00:00+00:00,6.950779,2,OOS,237.810452
2023-09-08 00:00:00+00:00,-1.018231,1,OOS,236.792222
2023-09-09 00:00:00+00:00,0.0,0,OOS,236.792222
2023-09-10 00:00:00+00:00,-1.04217,1,OOS,235.750052
2023-09-11 00:00:00+00:00,0.0,0,OOS,235.750052
2023-09-12 00:00:00+00:00,0.442018,4,OOS,236.19207
2023-09-13 00:00:00+00:00,0.0,0,OOS,236.19207
2023-09-14 00:00:00+00:00,2.469422,2,OOS,238.661492
2023-09-15 00:00:00+00:00,-1.01554,1,OOS,237.645953
2023-09-16 00:00:00+00:00,-1.019744,1,OOS,236.626209
2023-09-17 00:00:00+00:00,0.0,0,OOS,236.626209
2023-09-18 00:00:00+00:00,4.891041,4,OOS,241.51725
2023-09-19 00:00:00+00:00,-2.03438,2,OOS,239.48287
2023-09-20 00:00:00+00:00,-1.016262,1,OOS,238.466608
2023-09-21 00:00:00+00:00,0.0,0,OOS,238.466608
2023-09-22 00:00:00+00:00,0.0,0,OOS,238.466608
2023-09-23 00:00:00+00:00,0.0,0,OOS,238.466608
2023-09-24 00:00:00+00:00,3.481471,1,OOS,241.948079
2023-09-25 00:00:00+00:00,-1.026889,1,OOS,240.92119
2023-09-26 00:00:00+00:00,0.0,0,OOS,240.92119
2023-09-27 00:00:00+00:00,-1.025661,1,OOS,239.895529
2023-09-28 00:00:00+00:00,5.939536,3,OOS,245.835065
2023-09-29 00:00:00+00:00,-1.015259,1,OOS,244.819806
2023-09-30 00:00:00+00:00,-2.078655,2,OOS,242.741151
2023-10-01 00:00:00+00:00,4.832692,4,OOS,247.573843
2023-10-02 00:00:00+00:00,1.448366,3,OOS,249.022209
2023-10-03 00:00:00+00:00,0.0,0,OOS,249.022209
2023-10-04 00:00:00+00:00,0.0,0,OOS,249.022209
2023-10-05 00:00:00+00:00,-2.040679,2,OOS,246.98153
2023-10-06 00:00:00+00:00,0.0,0,OOS,246.98153
2023-10-07 00:00:00+00:00,0.0,0,OOS,246.98153
2023-10-08 00:00:00+00:00,-1.013731,1,OOS,245.967799
2023-10-09 00:00:00+00:00,-1.025003,1,OOS,244.942796
2023-10-10 00:00:00+00:00,0.0,0,OOS,244.942796
2023-10-11 00:00:00+00:00,-1.021358,1,OOS,243.921438
2023-10-12 00:00:00+00:00,-1.017818,1,OOS,242.90362
2023-10-13 00:00:00+00:00,0.0,0,OOS,242.90362
2023-10-14 00:00:00+00:00,0.0,0,OOS,242.90362
2023-10-15 00:00:00+00:00,-1.038064,1,OOS,241.865556
2023-10-16 00:00:00+00:00,13.899868,4,OOS,255.765424
2023-10-17 00:00:00+00:00,0.0,0,OOS,255.765424
2023-10-18 00:00:00+00:00,0.0,0,OOS,255.765424
2023-10-19 00:00:00+00:00,0.0,0,OOS,255.765424
2023-10-20 00:00:00+00:00,1.467608,3,OOS,257.233031
2023-10-21 00:00:00+00:00,2.469634,2,OOS,259.702666
2023-10-22 00:00:00+00:00,-1.016597,1,OOS,258.686069
2023-10-23 00:00:00+00:00,12.932364,5,OOS,271.618433
2023-10-24 00:00:00+00:00,0.0,0,OOS,271.618433
2023-10-25 00:00:00+00:00,0.0,0,OOS,271.618433
2023-10-26 00:00:00+00:00,0.0,0,OOS,271.618433
2023-10-27 00:00:00+00:00,0.0,0,OOS,271.618433
2023-10-28 00:00:00+00:00,1.162523,1,OOS,272.780955
2023-10-29 00:00:00+00:00,2.449855,2,OOS,275.23081
2023-10-30 00:00:00+00:00,-2.037931,2,OOS,273.19288
2023-10-31 00:00:00+00:00,0.0,0,OOS,273.19288
2023-11-01 00:00:00+00:00,-2.036566,2,OOS,271.156313
2023-11-02 00:00:00+00:00,-2.024486,2,OOS,269.131828
2023-11-03 00:00:00+00:00,0.0,0,OOS,269.131828
2023-11-04 00:00:00+00:00,0.0,0,OOS,269.131828
2023-11-05 00:00:00+00:00,-2.046133,2,OOS,267.085695
2023-11-06 00:00:00+00:00,-1.018027,1,OOS,266.067667
2023-11-07 00:00:00+00:00,0.0,0,OOS,266.067667
2023-11-08 00:00:00+00:00,-2.033694,2,OOS,264.033973
2023-11-09 00:00:00+00:00,5.960216,3,OOS,269.994189
2023-11-10 00:00:00+00:00,0.0,0,OOS,269.994189
2023-11-11 00:00:00+00:00,-1.011497,1,OOS,268.982692
2023-11-12 00:00:00+00:00,0.0,0,OOS,268.982692
2023-11-13 00:00:00+00:00,0.0,0,OOS,268.982692
2023-11-14 00:00:00+00:00,-3.037432,3,OOS,265.945259
2023-11-15 00:00:00+00:00,0.0,0,OOS,265.945259
2023-11-16 00:00:00+00:00,-1.011644,1,OOS,264.933615
2023-11-17 00:00:00+00:00,0.0,0,OOS,264.933615
2023-11-18 00:00:00+00:00,0.0,0,OOS,264.933615
2023-11-19 00:00:00+00:00,3.472817,1,OOS,268.406432
2023-11-20 00:00:00+00:00,-3.051341,3,OOS,265.355091
2023-11-21 00:00:00+00:00,-2.027489,2,OOS,263.327602
2023-11-22 00:00:00+00:00,-1.009109,1,OOS,262.318493
2023-11-23 00:00:00+00:00,-1.01189,1,OOS,261.306604
2023-11-24 00:00:00+00:00,3.47787,1,OOS,264.784474
2023-11-25 00:00:00+00:00,0.0,0,OOS,264.784474
2023-11-26 00:00:00+00:00,-1.015203,1,OOS,263.769271
2023-11-27 00:00:00+00:00,-1.01828,1,OOS,262.750991
2023-11-28 00:00:00+00:00,-1.017602,1,OOS,261.733389
2023-11-29 00:00:00+00:00,-1.016463,1,OOS,260.716926
2023-11-30 00:00:00+00:00,0.0,0,OOS,260.716926
2023-12-01 00:00:00+00:00,6.957615,2,OOS,267.674542
2023-12-02 00:00:00+00:00,2.461528,2,OOS,270.13607
2023-12-03 00:00:00+00:00,3.481621,1,OOS,273.617691
2023-12-04 00:00:00+00:00,7.408911,6,OOS,281.026601
2023-12-05 00:00:00+00:00,6.975487,2,OOS,288.002088
2023-12-06 00:00:00+00:00,0.0,0,OOS,288.002088
2023-12-07 00:00:00+00:00,-1.009997,1,OOS,286.992091
2023-12-08 00:00:00+00:00,-1.015471,1,OOS,285.97662
2023-12-09 00:00:00+00:00,-2.033622,2,OOS,283.942998
2023-12-10 00:00:00+00:00,0.0,0,OOS,283.942998
2023-12-11 00:00:00+00:00,3.49051,1,OOS,287.433507
2023-12-12 00:00:00+00:00,-2.020988,2,OOS,285.41252
2023-12-13 00:00:00+00:00,0.0,0,OOS,285.41252
2023-12-14 00:00:00+00:00,-1.011656,1,OOS,284.400864
2023-12-15 00:00:00+00:00,-1.009561,1,OOS,283.391303
2023-12-16 00:00:00+00:00,-1.018582,1,OOS,282.372721
2023-12-17 00:00:00+00:00,0.0,0,OOS,282.372721
2023-12-18 00:00:00+00:00,-1.014963,1,OOS,281.357758
2023-12-19 00:00:00+00:00,-1.011936,1,OOS,280.345822
2023-12-20 00:00:00+00:00,2.473717,2,OOS,282.819539
2023-12-21 00:00:00+00:00,-2.028313,2,OOS,280.791226
2023-12-22 00:00:00+00:00,0.0,0,OOS,280.791226
2023-12-23 00:00:00+00:00,0.0,0,OOS,280.791226
2023-12-24 00:00:00+00:00,0.0,0,OOS,280.791226
2023-12-25 00:00:00+00:00,-2.039389,2,OOS,278.751837
2023-12-26 00:00:00+00:00,2.468243,2,OOS,281.22008
2023-12-27 00:00:00+00:00,0.0,0,OOS,281.22008
2023-12-28 00:00:00+00:00,0.0,0,OOS,281.22008
2023-12-29 00:00:00+00:00,0.0,0,OOS,281.22008
2023-12-30 00:00:00+00:00,0.0,0,OOS,281.22008
2023-12-31 00:00:00+00:00,0.0,0,OOS,281.22008
2024-01-01 00:00:00+00:00,2.461741,2,OOS,283.681821
2024-01-02 00:00:00+00:00,2.469521,2,OOS,286.151343
2024-01-03 00:00:00+00:00,0.0,0,OOS,286.151343
2024-01-04 00:00:00+00:00,-1.005946,1,OOS,285.145397
2024-01-05 00:00:00+00:00,-1.009494,1,OOS,284.135903
2024-01-06 00:00:00+00:00,0.0,0,OOS,284.135903
2024-01-07 00:00:00+00:00,-2.035509,2,OOS,282.100394
2024-01-08 00:00:00+00:00,6.977545,2,OOS,289.077939
2024-01-09 00:00:00+00:00,-4.038285,4,OOS,285.039654
2024-01-10 00:00:00+00:00,0.0,0,OOS,285.039654
2024-01-11 00:00:00+00:00,-3.020947,3,OOS,282.018706
2024-01-12 00:00:00+00:00,3.493195,1,OOS,285.511902
2024-01-13 00:00:00+00:00,0.0,0,OOS,285.511902
2024-01-14 00:00:00+00:00,0.0,0,OOS,285.511902
2024-01-15 00:00:00+00:00,0.0,0,OOS,285.511902
2024-01-16 00:00:00+00:00,0.450839,1,OOS,285.962741
2024-01-17 00:00:00+00:00,0.0,0,OOS,285.962741
2024-01-18 00:00:00+00:00,2.476265,2,OOS,288.439006
2024-01-19 00:00:00+00:00,-2.023922,2,OOS,286.415084
2024-01-20 00:00:00+00:00,0.0,0,OOS,286.415084
2024-01-21 00:00:00+00:00,0.0,0,OOS,286.415084
2024-01-22 00:00:00+00:00,-2.036032,2,OOS,284.379052
2024-01-23 00:00:00+00:00,2.478676,2,OOS,286.857728
2024-01-24 00:00:00+00:00,0.0,0,OOS,286.857728
2024-01-25 00:00:00+00:00,0.0,0,OOS,286.857728
2024-01-26 00:00:00+00:00,0.0,0,OOS,286.857728
2024-01-27 00:00:00+00:00,0.0,0,OOS,286.857728
2024-01-28 00:00:00+00:00,4.924174,4,OOS,291.781902
2024-01-29 00:00:00+00:00,0.0,0,OOS,291.781902
2024-01-30 00:00:00+00:00,1.455571,3,OOS,293.237473
2024-01-31 00:00:00+00:00,-1.013237,1,OOS,292.224236
2024-02-01 00:00:00+00:00,0.0,0,OOS,292.224236
2024-02-02 00:00:00+00:00,0.0,0,OOS,292.224236
2024-02-03 00:00:00+00:00,0.0,0,OOS,292.224236
2024-02-04 00:00:00+00:00,0.0,0,OOS,292.224236
2024-02-05 00:00:00+00:00,-2.04109,2,OOS,290.183147
2024-02-06 00:00:00+00:00,-1.017427,1,OOS,289.16572
2024-02-07 00:00:00+00:00,2.464177,2,OOS,291.629897
2024-02-08 00:00:00+00:00,3.483629,1,OOS,295.113526
2024-02-09 00:00:00+00:00,11.912567,6,OOS,307.026092
2024-02-10 00:00:00+00:00,0.0,0,OOS,307.026092
2024-02-11 00:00:00+00:00,0.0,0,OOS,307.026092
2024-02-12 00:00:00+00:00,2.468552,2,OOS,309.494644
2024-02-13 00:00:00+00:00,-1.011034,1,OOS,308.48361
2024-02-14 00:00:00+00:00,0.0,0,OOS,308.48361
2024-02-15 00:00:00+00:00,1.463924,3,OOS,309.947534
2024-02-16 00:00:00+00:00,-1.013964,1,OOS,308.93357
2024-02-17 00:00:00+00:00,0.0,0,OOS,308.93357
2024-02-18 00:00:00+00:00,0.0,0,OOS,308.93357
2024-02-19 00:00:00+00:00,-3.058331,3,OOS,305.875239
2024-02-20 00:00:00+00:00,-2.034195,2,OOS,303.841044
2024-02-21 00:00:00+00:00,0.0,0,OOS,303.841044
2024-02-22 00:00:00+00:00,0.0,0,OOS,303.841044
2024-02-23 00:00:00+00:00,0.0,0,OOS,303.841044
2024-02-24 00:00:00+00:00,0.0,0,OOS,303.841044
2024-02-25 00:00:00+00:00,-2.056099,2,OOS,301.784945
2024-02-26 00:00:00+00:00,5.942082,3,OOS,307.727027
2024-02-27 00:00:00+00:00,6.974853,2,OOS,314.70188
2024-02-28 00:00:00+00:00,8.455188,5,OOS,323.157068
2024-02-29 00:00:00+00:00,0.0,0,OOS,323.157068
2024-03-01 00:00:00+00:00,0.0,0,OOS,323.157068
2024-03-02 00:00:00+00:00,0.0,0,OOS,323.157068
2024-03-03 00:00:00+00:00,1.876054,1,OOS,325.033121
2024-03-04 00:00:00+00:00,5.953581,3,OOS,330.986702
2024-03-05 00:00:00+00:00,-0.539853,5,OOS,330.446849
2024-03-06 00:00:00+00:00,0.0,0,OOS,330.446849
2024-03-07 00:00:00+00:00,0.0,0,OOS,330.446849
2024-03-08 00:00:00+00:00,2.479595,2,OOS,332.926445
2024-03-09 00:00:00+00:00,0.0,0,OOS,332.926445
2024-03-10 00:00:00+00:00,0.0,0,OOS,332.926445
2024-03-11 00:00:00+00:00,-1.007875,1,OOS,331.91857
2024-03-12 00:00:00+00:00,-1.010362,1,OOS,330.908208
2024-03-13 00:00:00+00:00,-1.010682,1,OOS,329.897526
2024-03-14 00:00:00+00:00,-1.010379,1,OOS,328.887147
2024-03-15 00:00:00+00:00,-2.010573,2,OOS,326.876573
2024-03-16 00:00:00+00:00,0.0,0,OOS,326.876573
2024-03-17 00:00:00+00:00,-1.008088,1,OOS,325.868486
2024-03-18 00:00:00+00:00,0.0,0,OOS,325.868486
2024-03-19 00:00:00+00:00,3.492513,1,OOS,329.360999
2024-03-20 00:00:00+00:00,-1.00598,1,OOS,328.355019
2024-03-21 00:00:00+00:00,-1.008264,1,OOS,327.346755
2024-03-22 00:00:00+00:00,-1.007871,1,OOS,326.338884
2024-03-23 00:00:00+00:00,0.0,0,OOS,326.338884
2024-03-24 00:00:00+00:00,0.0,0,OOS,326.338884
2024-03-25 00:00:00+00:00,6.977041,2,OOS,333.315925
2024-03-26 00:00:00+00:00,0.0,0,OOS,333.315925
2024-03-27 00:00:00+00:00,-1.009932,1,OOS,332.305993
2024-03-28 00:00:00+00:00,0.0,0,OOS,332.305993
2024-03-29 00:00:00+00:00,-1.011323,1,OOS,331.29467
2024-03-30 00:00:00+00:00,0.0,0,OOS,331.29467
2024-03-31 00:00:00+00:00,0.0,0,OOS,331.29467
2024-04-01 00:00:00+00:00,-2.037161,2,OOS,329.257509
2024-04-02 00:00:00+00:00,0.0,0,OOS,329.257509
2024-04-03 00:00:00+00:00,3.49123,1,OOS,332.748739
2024-04-04 00:00:00+00:00,0.0,0,OOS,332.748739
2024-04-05 00:00:00+00:00,-1.010452,1,OOS,331.738287
2024-04-06 00:00:00+00:00,0.0,0,OOS,331.738287
2024-04-07 00:00:00+00:00,1.450829,3,OOS,333.189117
2024-04-08 00:00:00+00:00,2.469068,2,OOS,335.658185
2024-04-09 00:00:00+00:00,-1.011981,1,OOS,334.646204
2024-04-10 00:00:00+00:00,-1.011723,1,OOS,333.63448
2024-04-11 00:00:00+00:00,-1.01117,1,OOS,332.62331
2024-04-12 00:00:00+00:00,-2.021426,2,OOS,330.601884
2024-04-13 00:00:00+00:00,-2.014425,2,OOS,328.587459
2024-04-14 00:00:00+00:00,0.0,0,OOS,328.587459
2024-04-15 00:00:00+00:00,0.0,0,OOS,328.587459
2024-04-16 00:00:00+00:00,0.0,0,OOS,328.587459
2024-04-17 00:00:00+00:00,0.0,0,OOS,328.587459
2024-04-18 00:00:00+00:00,-1.007954,1,OOS,327.579504
2024-04-19 00:00:00+00:00,0.0,0,OOS,327.579504
2024-04-20 00:00:00+00:00,0.0,0,OOS,327.579504
2024-04-21 00:00:00+00:00,0.0,0,OOS,327.579504
2024-04-22 00:00:00+00:00,3.488595,1,OOS,331.0681
2024-04-23 00:00:00+00:00,-2.02866,2,OOS,329.03944
2024-04-24 00:00:00+00:00,-1.017553,1,OOS,328.021887
2024-04-25 00:00:00+00:00,-2.025828,2,OOS,325.996059
2024-04-26 00:00:00+00:00,0.0,0,OOS,325.996059
2024-04-27 00:00:00+00:00,-1.011936,1,OOS,324.984122
2024-04-28 00:00:00+00:00,0.0,0,OOS,324.984122
2024-04-29 00:00:00+00:00,-1.017241,1,OOS,323.966881
2024-04-30 00:00:00+00:00,3.4895,1,OOS,327.456381
2024-05-01 00:00:00+00:00,-2.015618,2,OOS,325.440763
2024-05-02 00:00:00+00:00,0.0,0,OOS,325.440763
2024-05-03 00:00:00+00:00,0.0,0,OOS,325.440763
2024-05-04 00:00:00+00:00,0.0,0,OOS,325.440763
2024-05-05 00:00:00+00:00,0.0,0,OOS,325.440763
2024-05-06 00:00:00+00:00,2.473162,2,OOS,327.913924
2024-05-07 00:00:00+00:00,0.0,0,OOS,327.913924
2024-05-08 00:00:00+00:00,0.0,0,OOS,327.913924
2024-05-09 00:00:00+00:00,-2.026475,2,OOS,325.88745
2024-05-10 00:00:00+00:00,0.0,0,OOS,325.88745
2024-05-11 00:00:00+00:00,0.0,0,OOS,325.88745
2024-05-12 00:00:00+00:00,-1.010899,1,OOS,324.876551
2024-05-13 00:00:00+00:00,0.0,0,OOS,324.876551
2024-05-14 00:00:00+00:00,-1.01478,1,OOS,323.861771
2024-05-15 00:00:00+00:00,2.470999,2,OOS,326.33277
2024-05-16 00:00:00+00:00,0.0,0,OOS,326.33277
2024-05-17 00:00:00+00:00,2.474202,2,OOS,328.806972
2024-05-18 00:00:00+00:00,0.0,0,OOS,328.806972
2024-05-19 00:00:00+00:00,-1.012978,1,OOS,327.793995
2024-05-20 00:00:00+00:00,5.948622,3,OOS,333.742617
2024-05-21 00:00:00+00:00,1.468346,3,OOS,335.210962
2024-05-22 00:00:00+00:00,0.0,0,OOS,335.210962
2024-05-23 00:00:00+00:00,0.0,0,OOS,335.210962
2024-05-24 00:00:00+00:00,-1.011453,1,OOS,334.199509
2024-05-25 00:00:00+00:00,0.0,0,OOS,334.199509
2024-05-26 00:00:00+00:00,0.0,0,OOS,334.199509
2024-05-27 00:00:00+00:00,-1.019894,1,OOS,333.179616
2024-05-28 00:00:00+00:00,0.0,0,OOS,333.179616
2024-05-29 00:00:00+00:00,0.0,0,OOS,333.179616
2024-05-30 00:00:00+00:00,-1.015105,1,OOS,332.16451
2024-05-31 00:00:00+00:00,0.0,0,OOS,332.16451
2024-06-01 00:00:00+00:00,0.0,0,OOS,332.16451
2024-06-02 00:00:00+00:00,0.0,0,OOS,332.16451
2024-06-03 00:00:00+00:00,1.445218,3,OOS,333.609728
2024-06-04 00:00:00+00:00,3.482197,1,OOS,337.091926
2024-06-05 00:00:00+00:00,0.0,0,OOS,337.091926
2024-06-06 00:00:00+00:00,0.0,0,OOS,337.091926
2024-06-07 00:00:00+00:00,2.461667,2,OOS,339.553592
2024-06-08 00:00:00+00:00,0.0,0,OOS,339.553592
2024-06-09 00:00:00+00:00,0.0,0,OOS,339.553592
2024-06-10 00:00:00+00:00,0.0,0,OOS,339.553592
2024-06-11 00:00:00+00:00,5.947667,3,OOS,345.501259
2024-06-12 00:00:00+00:00,0.0,0,OOS,345.501259
2024-06-13 00:00:00+00:00,0.0,0,OOS,345.501259
2024-06-14 00:00:00+00:00,-1.01371,1,OOS,344.487549
2024-06-15 00:00:00+00:00,0.0,0,OOS,344.487549
2024-06-16 00:00:00+00:00,0.0,0,OOS,344.487549
2024-06-17 00:00:00+00:00,-2.043806,2,OOS,342.443743
2024-06-18 00:00:00+00:00,-1.012555,1,OOS,341.431187
2024-06-19 00:00:00+00:00,0.0,0,OOS,341.431187
2024-06-20 00:00:00+00:00,0.0,0,OOS,341.431187
2024-06-21 00:00:00+00:00,0.0,0,OOS,341.431187
2024-06-22 00:00:00+00:00,-1.018533,1,OOS,340.412655
2024-06-23 00:00:00+00:00,2.414409,2,OOS,342.827063
2024-06-24 00:00:00+00:00,9.401345,4,OOS,352.228408
2024-06-25 00:00:00+00:00,0.0,0,OOS,352.228408
2024-06-26 00:00:00+00:00,0.0,0,OOS,352.228408
2024-06-27 00:00:00+00:00,0.0,0,OOS,352.228408
2024-06-28 00:00:00+00:00,0.0,0,OOS,352.228408
2024-06-29 00:00:00+00:00,0.0,0,OOS,352.228408
2024-06-30 00:00:00+00:00,6.951167,2,OOS,359.179575
2024-07-01 00:00:00+00:00,-2.038524,2,OOS,357.141052
2024-07-02 00:00:00+00:00,0.0,0,OOS,357.141052
2024-07-03 00:00:00+00:00,2.468021,2,OOS,359.609073
2024-07-04 00:00:00+00:00,1.465854,3,OOS,361.074927
2024-07-05 00:00:00+00:00,2.484037,2,OOS,363.558964
2024-07-06 00:00:00+00:00,0.0,0,OOS,363.558964
2024-07-07 00:00:00+00:00,0.0,0,OOS,363.558964
2024-07-08 00:00:00+00:00,2.477965,2,OOS,366.036929
2024-07-09 00:00:00+00:00,0.0,0,OOS,366.036929
2024-07-10 00:00:00+00:00,-2.022144,2,OOS,364.014785
2024-07-11 00:00:00+00:00,-1.013089,1,OOS,363.001696
2024-07-12 00:00:00+00:00,-1.012737,1,OOS,361.988959
2024-07-13 00:00:00+00:00,-1.015581,1,OOS,360.973378
2024-07-14 00:00:00+00:00,2.470784,2,OOS,363.444162
2024-07-15 00:00:00+00:00,6.975217,2,OOS,370.419378
2024-07-16 00:00:00+00:00,-2.020445,2,OOS,368.398933
2024-07-17 00:00:00+00:00,-1.009147,1,OOS,367.389786
2024-07-18 00:00:00+00:00,0.0,0,OOS,367.389786
2024-07-19 00:00:00+00:00,3.48651,1,OOS,370.876296
2024-07-20 00:00:00+00:00,0.0,0,OOS,370.876296
2024-07-21 00:00:00+00:00,-1.012213,1,OOS,369.864083
2024-07-22 00:00:00+00:00,-1.011391,1,OOS,368.852692
2024-07-23 00:00:00+00:00,0.0,0,OOS,368.852692
2024-07-24 00:00:00+00:00,0.0,0,OOS,368.852692
2024-07-25 00:00:00+00:00,-1.011239,1,OOS,367.841453
2024-07-26 00:00:00+00:00,0.0,0,OOS,367.841453
2024-07-27 00:00:00+00:00,1.456762,3,OOS,369.298215
2024-07-28 00:00:00+00:00,0.0,0,OOS,369.298215
2024-07-29 00:00:00+00:00,2.46557,2,OOS,371.763784
2024-07-30 00:00:00+00:00,-1.012821,1,OOS,370.750963
2024-07-31 00:00:00+00:00,0.0,0,OOS,370.750963
2024-08-01 00:00:00+00:00,2.478168,2,OOS,373.229131
2024-08-02 00:00:00+00:00,0.0,0,OOS,373.229131
2024-08-03 00:00:00+00:00,0.0,0,OOS,373.229131
2024-08-04 00:00:00+00:00,5.969583,3,OOS,379.198714
2024-08-05 00:00:00+00:00,5.984859,3,OOS,385.183572
2024-08-06 00:00:00+00:00,0.0,0,OOS,385.183572
2024-08-07 00:00:00+00:00,0.0,0,OOS,385.183572
2024-08-08 00:00:00+00:00,0.0,0,OOS,385.183572
2024-08-09 00:00:00+00:00,-2.013705,2,OOS,383.169867
2024-08-10 00:00:00+00:00,0.0,0,OOS,383.169867
2024-08-11 00:00:00+00:00,-1.015275,1,OOS,382.154592
2024-08-12 00:00:00+00:00,0.0,0,OOS,382.154592
2024-08-13 00:00:00+00:00,-1.008918,1,OOS,381.145674
2024-08-14 00:00:00+00:00,-1.009264,1,OOS,380.13641
2024-08-15 00:00:00+00:00,-1.010028,1,OOS,379.126382
2024-08-16 00:00:00+00:00,0.0,0,OOS,379.126382
2024-08-17 00:00:00+00:00,-1.017559,1,OOS,378.108824
2024-08-18 00:00:00+00:00,-3.055843,3,OOS,375.052981
2024-08-19 00:00:00+00:00,-1.015614,1,OOS,374.037367
2024-08-20 00:00:00+00:00,1.457998,3,OOS,375.495365
2024-08-21 00:00:00+00:00,0.0,0,OOS,375.495365
2024-08-22 00:00:00+00:00,-3.034928,3,OOS,372.460438
2024-08-23 00:00:00+00:00,5.959565,3,OOS,378.420003
2024-08-24 00:00:00+00:00,-1.010117,1,OOS,377.409886
2024-08-25 00:00:00+00:00,0.0,0,OOS,377.409886
2024-08-26 00:00:00+00:00,-1.010323,1,OOS,376.399563
2024-08-27 00:00:00+00:00,3.484329,1,OOS,379.883892
2024-08-28 00:00:00+00:00,2.477858,2,OOS,382.361749
2024-08-29 00:00:00+00:00,0.0,0,OOS,382.361749
2024-08-30 00:00:00+00:00,0.0,0,OOS,382.361749
2024-08-31 00:00:00+00:00,0.0,0,OOS,382.361749
2024-09-01 00:00:00+00:00,-1.019684,1,OOS,381.342065
2024-09-02 00:00:00+00:00,0.0,0,OOS,381.342065
2024-09-03 00:00:00+00:00,0.0,0,OOS,381.342065
2024-09-04 00:00:00+00:00,-1.01313,1,OOS,380.328935
2024-09-05 00:00:00+00:00,-1.011445,1,OOS,379.31749
2024-09-06 00:00:00+00:00,0.0,0,OOS,379.31749
2024-09-07 00:00:00+00:00,-1.008114,1,OOS,378.309376
2024-09-08 00:00:00+00:00,0.0,0,OOS,378.309376
2024-09-09 00:00:00+00:00,0.0,0,OOS,378.309376
2024-09-10 00:00:00+00:00,-1.011559,1,OOS,377.297817
2024-09-11 00:00:00+00:00,-1.012468,1,OOS,376.285349
2024-09-12 00:00:00+00:00,0.0,0,OOS,376.285349
2024-09-13 00:00:00+00:00,3.490244,1,OOS,379.775593
2024-09-14 00:00:00+00:00,0.0,0,OOS,379.775593
2024-09-15 00:00:00+00:00,-1.012682,1,OOS,378.762911
2024-09-16 00:00:00+00:00,-2.029119,2,OOS,376.733792
2024-09-17 00:00:00+00:00,2.471354,2,OOS,379.205146
2024-09-18 00:00:00+00:00,-2.021326,2,OOS,377.18382
2024-09-19 00:00:00+00:00,0.0,0,OOS,377.18382
2024-09-20 00:00:00+00:00,1.463104,3,OOS,378.646924
2024-09-21 00:00:00+00:00,0.0,0,OOS,378.646924
2024-09-22 00:00:00+00:00,0.0,0,OOS,378.646924
2024-09-23 00:00:00+00:00,-2.029745,2,OOS,376.617178
2024-09-24 00:00:00+00:00,-1.017846,1,OOS,375.599332
2024-09-25 00:00:00+00:00,-2.028674,2,OOS,373.570658
2024-09-26 00:00:00+00:00,2.468576,2,OOS,376.039234
2024-09-27 00:00:00+00:00,0.0,0,OOS,376.039234
2024-09-28 00:00:00+00:00,0.0,0,OOS,376.039234
2024-09-29 00:00:00+00:00,0.0,0,OOS,376.039234
2024-09-30 00:00:00+00:00,-2.031436,2,OOS,374.007798
2024-10-01 00:00:00+00:00,2.46763,2,OOS,376.475428
2024-10-02 00:00:00+00:00,3.489121,1,OOS,379.964549
2024-10-03 00:00:00+00:00,0.0,0,OOS,379.964549
2024-10-04 00:00:00+00:00,0.0,0,OOS,379.964549
2024-10-05 00:00:00+00:00,0.0,0,OOS,379.964549
2024-10-06 00:00:00+00:00,-1.031014,1,OOS,378.933535
2024-10-07 00:00:00+00:00,-0.596251,5,OOS,378.337284
2024-10-08 00:00:00+00:00,0.0,0,OOS,378.337284
2024-10-09 00:00:00+00:00,-1.014545,1,OOS,377.322739
2024-10-10 00:00:00+00:00,-2.028614,2,OOS,375.294125
2024-10-11 00:00:00+00:00,-1.015448,1,OOS,374.278677
2024-10-12 00:00:00+00:00,0.0,0,OOS,374.278677
2024-10-13 00:00:00+00:00,-1.015093,1,OOS,373.263584
2024-10-14 00:00:00+00:00,5.953465,3,OOS,379.217048
2024-10-15 00:00:00+00:00,-1.012844,1,OOS,378.204204
2024-10-16 00:00:00+00:00,0.0,0,OOS,378.204204
2024-10-17 00:00:00+00:00,-1.009828,1,OOS,377.194377
2024-10-18 00:00:00+00:00,-1.014857,1,OOS,376.17952
2024-10-19 00:00:00+00:00,-1.015931,1,OOS,375.163589
2024-10-20 00:00:00+00:00,-1.037679,1,OOS,374.12591
2024-10-21 00:00:00+00:00,2.442488,2,OOS,376.568399
2024-10-22 00:00:00+00:00,0.0,0,OOS,376.568399
2024-10-23 00:00:00+00:00,-1.016275,1,OOS,375.552123
2024-10-24 00:00:00+00:00,0.0,0,OOS,375.552123
2024-10-25 00:00:00+00:00,-2.034003,2,OOS,373.51812
2024-10-26 00:00:00+00:00,0.0,0,OOS,373.51812
2024-10-27 00:00:00+00:00,3.467994,1,OOS,376.986114
2024-10-28 00:00:00+00:00,6.949382,2,OOS,383.935496
2024-10-29 00:00:00+00:00,9.434836,4,OOS,393.370332
2024-10-30 00:00:00+00:00,-2.026573,2,OOS,391.343759
2024-10-31 00:00:00+00:00,0.0,0,OOS,391.343759
2024-11-01 00:00:00+00:00,-1.013749,1,OOS,390.33001
2024-11-02 00:00:00+00:00,0.0,0,OOS,390.33001
2024-11-03 00:00:00+00:00,-2.03715,2,OOS,388.292861
2024-11-04 00:00:00+00:00,0.0,0,OOS,388.292861
2024-11-05 00:00:00+00:00,-1.012548,1,OOS,387.280312
2024-11-06 00:00:00+00:00,6.981875,2,OOS,394.262188
2024-11-07 00:00:00+00:00,-3.029579,3,OOS,391.232609
2024-11-08 00:00:00+00:00,0.0,0,OOS,391.232609
2024-11-09 00:00:00+00:00,0.0,0,OOS,391.232609
2024-11-10 00:00:00+00:00,4.945182,4,OOS,396.177791
2024-11-11 00:00:00+00:00,10.468298,3,OOS,406.646089
2024-11-12 00:00:00+00:00,-2.014562,2,OOS,404.631527
2024-11-13 00:00:00+00:00,1.478348,3,OOS,406.109875
2024-11-14 00:00:00+00:00,-1.007699,1,OOS,405.102176
2024-11-15 00:00:00+00:00,0.0,0,OOS,405.102176
2024-11-16 00:00:00+00:00,-1.008226,1,OOS,404.09395
2024-11-17 00:00:00+00:00,0.0,0,OOS,404.09395
2024-11-18 00:00:00+00:00,-2.023265,2,OOS,402.070684
2024-11-19 00:00:00+00:00,-2.022812,2,OOS,400.047872
2024-11-20 00:00:00+00:00,0.0,0,OOS,400.047872
2024-11-21 00:00:00+00:00,6.975258,2,OOS,407.02313
2024-11-22 00:00:00+00:00,-1.01059,1,OOS,406.01254
2024-11-23 00:00:00+00:00,-1.012979,1,OOS,404.999561
2024-11-24 00:00:00+00:00,0.0,0,OOS,404.999561
2024-11-25 00:00:00+00:00,0.0,0,OOS,404.999561
2024-11-26 00:00:00+00:00,-1.009445,1,OOS,403.990116
2024-11-27 00:00:00+00:00,0.0,0,OOS,403.990116
2024-11-28 00:00:00+00:00,0.0,0,OOS,403.990116
2024-11-29 00:00:00+00:00,-1.015292,1,OOS,402.974825
2024-11-30 00:00:00+00:00,-1.016693,1,OOS,401.958131
2024-12-01 00:00:00+00:00,-1.022224,1,OOS,400.935908
2024-12-02 00:00:00+00:00,-1.020134,1,OOS,399.915773
2024-12-03 00:00:00+00:00,-1.014171,1,OOS,398.901602
2024-12-04 00:00:00+00:00,-2.028173,2,OOS,396.873429
2024-12-05 00:00:00+00:00,2.479602,2,OOS,399.353031
2024-12-06 00:00:00+00:00,-1.008234,1,OOS,398.344797
2024-12-07 00:00:00+00:00,0.0,0,OOS,398.344797
2024-12-08 00:00:00+00:00,0.0,0,OOS,398.344797
2024-12-09 00:00:00+00:00,-1.016817,1,OOS,397.32798
2024-12-10 00:00:00+00:00,0.0,0,OOS,397.32798
2024-12-11 00:00:00+00:00,0.0,0,OOS,397.32798
2024-12-12 00:00:00+00:00,1.46152,3,OOS,398.7895
2024-12-13 00:00:00+00:00,0.0,0,OOS,398.7895
2024-12-14 00:00:00+00:00,-1.012772,1,OOS,397.776728
2024-12-15 00:00:00+00:00,2.459796,2,OOS,400.236524
2024-12-16 00:00:00+00:00,0.437031,4,OOS,400.673556
2024-12-17 00:00:00+00:00,2.472094,2,OOS,403.145649
2024-12-18 00:00:00+00:00,0.0,0,OOS,403.145649
2024-12-19 00:00:00+00:00,-1.009193,1,OOS,402.136456
2024-12-20 00:00:00+00:00,2.484656,2,OOS,404.621112
2024-12-21 00:00:00+00:00,0.0,0,OOS,404.621112
2024-12-22 00:00:00+00:00,0.0,0,OOS,404.621112
2024-12-23 00:00:00+00:00,0.0,0,OOS,404.621112
2024-12-24 00:00:00+00:00,0.0,0,OOS,404.621112
2024-12-25 00:00:00+00:00,0.0,0,OOS,404.621112
2024-12-26 00:00:00+00:00,-1.01183,1,OOS,403.609282
2024-12-27 00:00:00+00:00,0.0,0,OOS,403.609282
2024-12-28 00:00:00+00:00,0.0,0,OOS,403.609282
2024-12-29 00:00:00+00:00,0.0,0,OOS,403.609282
2024-12-30 00:00:00+00:00,2.462251,2,OOS,406.071533
2024-12-31 00:00:00+00:00,0.0,0,OOS,406.071533
2025-01-01 00:00:00+00:00,0.0,0,OOS,406.071533
2025-01-02 00:00:00+00:00,1.454155,3,OOS,407.525688
2025-01-03 00:00:00+00:00,-1.012458,1,OOS,406.51323
2025-01-04 00:00:00+00:00,0.0,0,OOS,406.51323
2025-01-05 00:00:00+00:00,0.0,0,OOS,406.51323
2025-01-06 00:00:00+00:00,9.427152,4,OOS,415.940382
2025-01-07 00:00:00+00:00,-1.013216,1,OOS,414.927166
2025-01-08 00:00:00+00:00,2.477602,2,OOS,417.404768
2025-01-09 00:00:00+00:00,-1.011068,1,OOS,416.393701
2025-01-10 00:00:00+00:00,0.0,0,OOS,416.393701
2025-01-11 00:00:00+00:00,0.0,0,OOS,416.393701
2025-01-12 00:00:00+00:00,0.0,0,OOS,416.393701
2025-01-13 00:00:00+00:00,2.474838,2,OOS,418.868538
2025-01-14 00:00:00+00:00,-2.023579,2,OOS,416.844959
2025-01-15 00:00:00+00:00,2.475921,2,OOS,419.32088
2025-01-16 00:00:00+00:00,-2.028753,2,OOS,417.292127
2025-01-17 00:00:00+00:00,3.487808,1,OOS,420.779936
2025-01-18 00:00:00+00:00,-1.013716,1,OOS,419.766219
2025-01-19 00:00:00+00:00,-2.027022,2,OOS,417.739198
2025-01-20 00:00:00+00:00,-3.018823,3,OOS,414.720375
2025-01-21 00:00:00+00:00,0.0,0,OOS,414.720375
2025-01-22 00:00:00+00:00,-1.00678,1,OOS,413.713595
2025-01-23 00:00:00+00:00,-1.007777,1,OOS,412.705818
2025-01-24 00:00:00+00:00,-1.010555,1,OOS,411.695263
2025-01-25 00:00:00+00:00,0.0,0,OOS,411.695263
2025-01-26 00:00:00+00:00,0.0,0,OOS,411.695263
2025-01-27 00:00:00+00:00,0.441671,4,OOS,412.136934
2025-01-28 00:00:00+00:00,0.0,0,OOS,412.136934
2025-01-29 00:00:00+00:00,0.0,0,OOS,412.136934
2025-01-30 00:00:00+00:00,-1.011349,1,OOS,411.125585
2025-01-31 00:00:00+00:00,-1.01171,1,OOS,410.113875
2025-02-01 00:00:00+00:00,-1.018614,1,OOS,409.095262
2025-02-02 00:00:00+00:00,1.45039,3,OOS,410.545651
2025-02-03 00:00:00+00:00,-1.006614,1,OOS,409.539037
2025-02-04 00:00:00+00:00,0.0,0,OOS,409.539037
2025-02-05 00:00:00+00:00,0.0,0,OOS,409.539037
2025-02-06 00:00:00+00:00,0.0,0,OOS,409.539037
2025-02-07 00:00:00+00:00,0.0,0,OOS,409.539037
2025-02-08 00:00:00+00:00,0.0,0,OOS,409.539037
2025-02-09 00:00:00+00:00,0.0,0,OOS,409.539037
2025-02-10 00:00:00+00:00,0.0,0,OOS,409.539037
2025-02-11 00:00:00+00:00,-2.035095,2,OOS,407.503942
2025-02-12 00:00:00+00:00,0.0,0,OOS,407.503942
2025-02-13 00:00:00+00:00,-1.012995,1,OOS,406.490947
2025-02-14 00:00:00+00:00,-1.015945,1,OOS,405.475003
2025-02-15 00:00:00+00:00,0.0,0,OOS,405.475003
2025-02-16 00:00:00+00:00,0.0,0,OOS,405.475003
2025-02-17 00:00:00+00:00,-1.026823,1,OOS,404.44818
2025-02-18 00:00:00+00:00,-1.016279,1,OOS,403.431901
2025-02-19 00:00:00+00:00,0.0,0,OOS,403.431901
2025-02-20 00:00:00+00:00,3.480909,1,OOS,406.912809
2025-02-21 00:00:00+00:00,-1.021776,1,OOS,405.891034
2025-02-22 00:00:00+00:00,0.0,0,OOS,405.891034
2025-02-23 00:00:00+00:00,-2.06633,2,OOS,403.824704
2025-02-24 00:00:00+00:00,2.463852,2,OOS,406.288555
2025-02-25 00:00:00+00:00,6.9761,2,OOS,413.264655
2025-02-26 00:00:00+00:00,6.983254,2,OOS,420.247909
2025-02-27 00:00:00+00:00,-1.006251,1,OOS,419.241658
2025-02-28 00:00:00+00:00,-1.007115,1,OOS,418.234543
2025-03-01 00:00:00+00:00,0.0,0,OOS,418.234543
2025-03-02 00:00:00+00:00,0.0,0,OOS,418.234543
2025-03-03 00:00:00+00:00,-4.032766,4,OOS,414.201777
2025-03-04 00:00:00+00:00,-1.005246,1,OOS,413.196531
2025-03-05 00:00:00+00:00,-1.007592,1,OOS,412.188939
2025-03-06 00:00:00+00:00,-1.006842,1,OOS,411.182097
2025-03-07 00:00:00+00:00,0.0,0,OOS,411.182097
2025-03-08 00:00:00+00:00,0.0,0,OOS,411.182097
2025-03-09 00:00:00+00:00,6.969254,2,OOS,418.151351
2025-03-10 00:00:00+00:00,-1.010424,1,OOS,417.140927
2025-03-11 00:00:00+00:00,-1.006374,1,OOS,416.134553
2025-03-12 00:00:00+00:00,0.0,0,OOS,416.134553
2025-03-13 00:00:00+00:00,-1.009428,1,OOS,415.125125
2025-03-14 00:00:00+00:00,-1.0115,1,OOS,414.113625
2025-03-15 00:00:00+00:00,0.0,0,OOS,414.113625
2025-03-16 00:00:00+00:00,-1.012047,1,OOS,413.101578
2025-03-17 00:00:00+00:00,0.0,0,OOS,413.101578
2025-03-18 00:00:00+00:00,-2.0259,2,OOS,411.075678
2025-03-19 00:00:00+00:00,3.482345,1,OOS,414.558023
2025-03-20 00:00:00+00:00,-2.02577,2,OOS,412.532253
2025-03-21 00:00:00+00:00,0.0,0,OOS,412.532253
2025-03-22 00:00:00+00:00,0.0,0,OOS,412.532253
2025-03-23 00:00:00+00:00,5.891024,3,OOS,418.423277
2025-03-24 00:00:00+00:00,4.909155,4,OOS,423.332432
2025-03-25 00:00:00+00:00,-1.015689,1,OOS,422.316743
2025-03-26 00:00:00+00:00,-1.017321,1,OOS,421.299422
2025-03-27 00:00:00+00:00,0.0,0,OOS,421.299422
2025-03-28 00:00:00+00:00,0.0,0,OOS,421.299422
2025-03-29 00:00:00+00:00,3.48326,1,OOS,424.782682
2025-03-30 00:00:00+00:00,-1.017972,1,OOS,423.76471
2025-03-31 00:00:00+00:00,0.0,0,OOS,423.76471
2025-04-01 00:00:00+00:00,0.0,0,OOS,423.76471
2025-04-02 00:00:00+00:00,-3.042028,3,OOS,420.722683
2025-04-03 00:00:00+00:00,0.0,0,OOS,420.722683
2025-04-04 00:00:00+00:00,0.0,0,OOS,420.722683
2025-04-05 00:00:00+00:00,0.0,0,OOS,420.722683
2025-04-06 00:00:00+00:00,2.466986,2,OOS,423.189669
2025-04-07 00:00:00+00:00,2.480182,2,OOS,425.669851
2025-04-08 00:00:00+00:00,0.0,0,OOS,425.669851
2025-04-09 00:00:00+00:00,-1.007835,1,OOS,424.662016
2025-04-10 00:00:00+00:00,-1.008666,1,OOS,423.653349
2025-04-11 00:00:00+00:00,-2.020128,2,OOS,421.633221
2025-04-12 00:00:00+00:00,0.0,0,OOS,421.633221
2025-04-13 00:00:00+00:00,1.461536,3,OOS,423.094757
2025-04-14 00:00:00+00:00,0.0,0,OOS,423.094757
2025-04-15 00:00:00+00:00,-1.014679,1,OOS,422.080078
2025-04-16 00:00:00+00:00,-1.014678,1,OOS,421.0654
2025-04-17 00:00:00+00:00,0.0,0,OOS,421.0654
2025-04-18 00:00:00+00:00,0.0,0,OOS,421.0654
2025-04-19 00:00:00+00:00,-1.033849,1,OOS,420.031551
2025-04-20 00:00:00+00:00,0.0,0,OOS,420.031551
2025-04-21 00:00:00+00:00,2.463681,2,OOS,422.495232
2025-04-22 00:00:00+00:00,10.453116,3,OOS,432.948348
2025-04-23 00:00:00+00:00,-1.01139,1,OOS,431.936958
2025-04-24 00:00:00+00:00,-1.011354,1,OOS,430.925603
2025-04-25 00:00:00+00:00,-2.035052,2,OOS,428.890551
2025-04-26 00:00:00+00:00,0.0,0,OOS,428.890551
2025-04-27 00:00:00+00:00,-1.016544,1,OOS,427.874007
2025-04-28 00:00:00+00:00,-2.044362,2,OOS,425.829645
2025-04-29 00:00:00+00:00,-1.01902,1,OOS,424.810625
2025-04-30 00:00:00+00:00,0.0,0,OOS,424.810625
2025-05-01 00:00:00+00:00,2.462435,2,OOS,427.27306
2025-05-02 00:00:00+00:00,0.0,0,OOS,427.27306
2025-05-03 00:00:00+00:00,-1.018575,1,OOS,426.254484
2025-05-04 00:00:00+00:00,0.0,0,OOS,426.254484
2025-05-05 00:00:00+00:00,-2.048297,2,OOS,424.206188
2025-05-06 00:00:00+00:00,0.0,0,OOS,424.206188
2025-05-07 00:00:00+00:00,0.0,0,OOS,424.206188
2025-05-08 00:00:00+00:00,13.930775,4,OOS,438.136963
2025-05-09 00:00:00+00:00,0.0,0,OOS,438.136963
2025-05-10 00:00:00+00:00,0.0,0,OOS,438.136963
2025-05-11 00:00:00+00:00,0.0,0,OOS,438.136963
2025-05-12 00:00:00+00:00,3.485362,1,OOS,441.622325
2025-05-13 00:00:00+00:00,0.0,0,OOS,441.622325
2025-05-14 00:00:00+00:00,-1.015262,1,OOS,440.607063
2025-05-15 00:00:00+00:00,0.0,0,OOS,440.607063
2025-05-16 00:00:00+00:00,0.0,0,OOS,440.607063
2025-05-17 00:00:00+00:00,0.0,0,OOS,440.607063
2025-05-18 00:00:00+00:00,5.914824,3,OOS,446.521886
2025-05-19 00:00:00+00:00,-1.015254,1,OOS,445.506633
2025-05-20 00:00:00+00:00,-3.041034,3,OOS,442.465599
2025-05-21 00:00:00+00:00,2.475072,2,OOS,444.94067
2025-05-22 00:00:00+00:00,0.0,0,OOS,444.94067
2025-05-23 00:00:00+00:00,-1.009488,1,OOS,443.931182
2025-05-24 00:00:00+00:00,0.0,0,OOS,443.931182
2025-05-25 00:00:00+00:00,0.0,0,OOS,443.931182
2025-05-26 00:00:00+00:00,0.0,0,OOS,443.931182
2025-05-27 00:00:00+00:00,-2.032343,2,OOS,441.89884
2025-05-28 00:00:00+00:00,0.0,0,OOS,441.89884
2025-05-29 00:00:00+00:00,-1.018878,1,OOS,440.879962
2025-05-30 00:00:00+00:00,2.470228,2,OOS,443.35019
2025-05-31 00:00:00+00:00,-1.014496,1,OOS,442.335694
2025-06-01 00:00:00+00:00,0.0,0,OOS,442.335694
2025-06-02 00:00:00+00:00,0.0,0,OOS,442.335694
2025-06-03 00:00:00+00:00,-1.020812,1,OOS,441.314883
2025-06-04 00:00:00+00:00,0.0,0,OOS,441.314883
2025-06-05 00:00:00+00:00,-1.013341,1,OOS,440.301541
2025-06-06 00:00:00+00:00,-1.013491,1,OOS,439.288051
2025-06-07 00:00:00+00:00,0.0,0,OOS,439.288051
2025-06-08 00:00:00+00:00,0.0,0,OOS,439.288051
2025-06-09 00:00:00+00:00,9.40532,4,OOS,448.693371
2025-06-10 00:00:00+00:00,0.0,0,OOS,448.693371
2025-06-11 00:00:00+00:00,-1.021324,1,OOS,447.672046
2025-06-12 00:00:00+00:00,0.0,0,OOS,447.672046
2025-06-13 00:00:00+00:00,2.471747,2,OOS,450.143793
2025-06-14 00:00:00+00:00,0.0,0,OOS,450.143793
2025-06-15 00:00:00+00:00,0.0,0,OOS,450.143793
2025-06-16 00:00:00+00:00,-1.022126,1,OOS,449.121668
2025-06-17 00:00:00+00:00,2.465406,2,OOS,451.587073
2025-06-18 00:00:00+00:00,0.0,0,OOS,451.587073
2025-06-19 00:00:00+00:00,0.0,0,OOS,451.587073
2025-06-20 00:00:00+00:00,-2.040335,2,OOS,449.546738
2025-06-21 00:00:00+00:00,2.454639,2,OOS,452.001377
2025-06-22 00:00:00+00:00,-1.012463,1,OOS,450.988915
2025-06-23 00:00:00+00:00,0.0,0,OOS,450.988915
2025-06-24 00:00:00+00:00,0.0,0,OOS,450.988915
2025-06-25 00:00:00+00:00,0.0,0,OOS,450.988915
2025-06-26 00:00:00+00:00,2.466772,2,OOS,453.455687
2025-06-27 00:00:00+00:00,0.0,0,OOS,453.455687
2025-06-28 00:00:00+00:00,0.0,0,OOS,453.455687
2025-06-29 00:00:00+00:00,2.39235,2,OOS,455.848037
2025-06-30 00:00:00+00:00,-1.03298,1,OOS,454.815057
2025-07-01 00:00:00+00:00,0.0,0,OOS,454.815057
2025-07-02 00:00:00+00:00,1.429553,3,OOS,456.24461
2025-07-03 00:00:00+00:00,0.0,0,OOS,456.24461
2025-07-04 00:00:00+00:00,-1.021389,1,OOS,455.223221
2025-07-05 00:00:00+00:00,0.0,0,OOS,455.223221
2025-07-06 00:00:00+00:00,-2.085019,2,OOS,453.138202
2025-07-07 00:00:00+00:00,-3.091288,3,OOS,450.046914
2025-07-08 00:00:00+00:00,-1.026008,1,OOS,449.020906
2025-07-09 00:00:00+00:00,5.912323,3,OOS,454.933229
2025-07-10 00:00:00+00:00,9.413755,4,OOS,464.346984
2025-07-11 00:00:00+00:00,2.470909,2,OOS,466.817892
2025-07-12 00:00:00+00:00,0.0,0,OOS,466.817892
2025-07-13 00:00:00+00:00,0.0,0,OOS,466.817892
2025-07-14 00:00:00+00:00,4.918914,4,OOS,471.736806
2025-07-15 00:00:00+00:00,0.0,0,OOS,471.736806
2025-07-16 00:00:00+00:00,-1.016492,1,OOS,470.720314
2025-07-17 00:00:00+00:00,-2.030035,2,OOS,468.69028
2025-07-18 00:00:00+00:00,-1.013792,1,OOS,467.676487
2025-07-19 00:00:00+00:00,0.0,0,OOS,467.676487
2025-07-20 00:00:00+00:00,0.0,0,OOS,467.676487
2025-07-21 00:00:00+00:00,-1.021483,1,OOS,466.655004
2025-07-22 00:00:00+00:00,-2.032469,2,OOS,464.622536
2025-07-23 00:00:00+00:00,-1.014389,1,OOS,463.608147
2025-07-24 00:00:00+00:00,0.0,0,OOS,463.608147
2025-07-25 00:00:00+00:00,-1.018213,1,OOS,462.589933
2025-07-26 00:00:00+00:00,0.0,0,OOS,462.589933
2025-07-27 00:00:00+00:00,3.472886,1,OOS,466.062819
2025-07-28 00:00:00+00:00,-1.03252,1,OOS,465.030299
2025-07-29 00:00:00+00:00,0.0,0,OOS,465.030299
2025-07-30 00:00:00+00:00,0.0,0,OOS,465.030299
2025-07-31 00:00:00+00:00,0.0,0,OOS,465.030299
2025-08-01 00:00:00+00:00,3.480008,1,OOS,468.510308
2025-08-02 00:00:00+00:00,0.0,0,OOS,468.510308
2025-08-03 00:00:00+00:00,0.0,0,OOS,468.510308
2025-08-04 00:00:00+00:00,0.0,0,OOS,468.510308
2025-08-05 00:00:00+00:00,0.0,0,OOS,468.510308
2025-08-06 00:00:00+00:00,0.0,0,OOS,468.510308
2025-08-07 00:00:00+00:00,-2.047458,2,OOS,466.46285
2025-08-08 00:00:00+00:00,-1.021515,1,OOS,465.441334
2025-08-09 00:00:00+00:00,-1.031013,1,OOS,464.410321
2025-08-10 00:00:00+00:00,3.467203,1,OOS,467.877524
2025-08-11 00:00:00+00:00,4.914392,4,OOS,472.791915
2025-08-12 00:00:00+00:00,0.0,0,OOS,472.791915
2025-08-13 00:00:00+00:00,2.460413,2,OOS,475.252328
2025-08-14 00:00:00+00:00,-1.016637,1,OOS,474.235691
2025-08-15 00:00:00+00:00,0.0,0,OOS,474.235691
2025-08-16 00:00:00+00:00,0.0,0,OOS,474.235691
2025-08-17 00:00:00+00:00,-1.018033,1,OOS,473.217658
2025-08-18 00:00:00+00:00,1.427942,3,OOS,474.6456
2025-08-19 00:00:00+00:00,0.0,0,OOS,474.6456
2025-08-20 00:00:00+00:00,-1.017697,1,OOS,473.627904
2025-08-21 00:00:00+00:00,0.0,0,OOS,473.627904
2025-08-22 00:00:00+00:00,0.0,0,OOS,473.627904
2025-08-23 00:00:00+00:00,-1.016596,1,OOS,472.611308
2025-08-24 00:00:00+00:00,0.0,0,OOS,472.611308
2025-08-25 00:00:00+00:00,-3.043511,3,OOS,469.567797
2025-08-26 00:00:00+00:00,-1.012522,1,OOS,468.555276
2025-08-27 00:00:00+00:00,0.0,0,OOS,468.555276
2025-08-28 00:00:00+00:00,0.0,0,OOS,468.555276
2025-08-29 00:00:00+00:00,-1.018324,1,OOS,467.536952
2025-08-30 00:00:00+00:00,0.0,0,OOS,467.536952
2025-08-31 00:00:00+00:00,0.0,0,OOS,467.536952
2025-09-01 00:00:00+00:00,-1.015216,1,OOS,466.521736
2025-09-02 00:00:00+00:00,-1.013941,1,OOS,465.507795
2025-09-03 00:00:00+00:00,-2.032436,2,OOS,463.47536
2025-09-04 00:00:00+00:00,0.0,0,OOS,463.47536
2025-09-05 00:00:00+00:00,-3.060237,3,OOS,460.415122
2025-09-06 00:00:00+00:00,0.0,0,OOS,460.415122
2025-09-07 00:00:00+00:00,-1.038734,1,OOS,459.376388
2025-09-08 00:00:00+00:00,0.0,0,OOS,459.376388
2025-09-09 00:00:00+00:00,-2.053594,2,OOS,457.322794
2025-09-10 00:00:00+00:00,3.476531,1,OOS,460.799325
2025-09-11 00:00:00+00:00,3.477319,1,OOS,464.276644
2025-09-12 00:00:00+00:00,2.45148,2,OOS,466.728124
2025-09-13 00:00:00+00:00,-1.026642,1,OOS,465.701482
2025-09-14 00:00:00+00:00,0.0,0,OOS,465.701482
2025-09-15 00:00:00+00:00,-1.029476,1,OOS,464.672007
2025-09-16 00:00:00+00:00,-1.025098,1,OOS,463.646908
2025-09-17 00:00:00+00:00,-1.02504,1,OOS,462.621868
2025-09-18 00:00:00+00:00,0.0,0,OOS,462.621868
2025-09-19 00:00:00+00:00,-1.019557,1,OOS,461.602311
2025-09-20 00:00:00+00:00,0.0,0,OOS,461.602311
2025-09-21 00:00:00+00:00,0.0,0,OOS,461.602311
2025-09-22 00:00:00+00:00,5.910354,3,OOS,467.512665
2025-09-23 00:00:00+00:00,-1.02242,1,OOS,466.490245
2025-09-24 00:00:00+00:00,0.0,0,OOS,466.490245
2025-09-25 00:00:00+00:00,1.442702,3,OOS,467.932947
2025-09-26 00:00:00+00:00,-1.014778,1,OOS,466.918169
2025-09-27 00:00:00+00:00,0.0,0,OOS,466.918169
2025-09-28 00:00:00+00:00,0.0,0,OOS,466.918169
2025-09-29 00:00:00+00:00,3.468403,1,OOS,470.386571
2025-09-30 00:00:00+00:00,1.426524,3,OOS,471.813095
2025-10-01 00:00:00+00:00,6.957744,2,OOS,478.770839
2025-10-02 00:00:00+00:00,3.480037,1,OOS,482.250876
2025-10-03 00:00:00+00:00,1.435699,3,OOS,483.686574
2025-10-04 00:00:00+00:00,-2.03472,2,OOS,481.651854
2025-10-05 00:00:00+00:00,0.0,0,OOS,481.651854
2025-10-06 00:00:00+00:00,-1.018311,1,OOS,480.633543
2025-10-07 00:00:00+00:00,-1.020727,1,OOS,479.612816
2025-10-08 00:00:00+00:00,-1.014873,1,OOS,478.597943
2025-10-09 00:00:00+00:00,0.0,0,OOS,478.597943
2025-10-10 00:00:00+00:00,6.971405,2,OOS,485.569348
2025-10-11 00:00:00+00:00,3.490208,1,OOS,489.059556
2025-10-12 00:00:00+00:00,-1.006084,1,OOS,488.053472
2025-10-13 00:00:00+00:00,0.0,0,OOS,488.053472
2025-10-14 00:00:00+00:00,-1.014279,1,OOS,487.039193
2025-10-15 00:00:00+00:00,0.0,0,OOS,487.039193
2025-10-16 00:00:00+00:00,-1.011968,1,OOS,486.027225
2025-10-17 00:00:00+00:00,2.478814,2,OOS,488.506039
2025-10-18 00:00:00+00:00,0.0,0,OOS,488.506039
2025-10-19 00:00:00+00:00,0.0,0,OOS,488.506039
2025-10-20 00:00:00+00:00,-1.017245,1,OOS,487.488794
2025-10-21 00:00:00+00:00,-2.029859,2,OOS,485.458935
2025-10-22 00:00:00+00:00,0.0,0,OOS,485.458935
2025-10-23 00:00:00+00:00,-1.013792,1,OOS,484.445144
2025-10-24 00:00:00+00:00,-1.014666,1,OOS,483.430478
2025-10-25 00:00:00+00:00,0.0,0,OOS,483.430478
2025-10-26 00:00:00+00:00,5.920152,3,OOS,489.350629
2025-10-27 00:00:00+00:00,1.435272,3,OOS,490.785901
2025-10-28 00:00:00+00:00,-1.021211,1,OOS,489.764691
2025-10-29 00:00:00+00:00,3.483171,1,OOS,493.247862
2025-10-30 00:00:00+00:00,-2.023791,2,OOS,491.224071
2025-10-31 00:00:00+00:00,-1.010879,1,OOS,490.213192
2025-11-01 00:00:00+00:00,0.0,0,OOS,490.213192
2025-11-02 00:00:00+00:00,0.0,0,OOS,490.213192
2025-11-03 00:00:00+00:00,2.468926,2,OOS,492.682118
2025-11-04 00:00:00+00:00,3.489959,1,OOS,496.172078
2025-11-05 00:00:00+00:00,-1.009494,1,OOS,495.162584
2025-11-06 00:00:00+00:00,0.0,0,OOS,495.162584
2025-11-07 00:00:00+00:00,-1.012051,1,OOS,494.150533
2025-11-08 00:00:00+00:00,0.0,0,OOS,494.150533
2025-11-09 00:00:00+00:00,0.0,0,OOS,494.150533
2025-11-10 00:00:00+00:00,-2.030265,2,OOS,492.120268
2025-11-11 00:00:00+00:00,-1.013086,1,OOS,491.107182
2025-11-12 00:00:00+00:00,0.0,0,OOS,491.107182
2025-11-13 00:00:00+00:00,-1.012598,1,OOS,490.094584
2025-11-14 00:00:00+00:00,3.489777,1,OOS,493.584361
2025-11-15 00:00:00+00:00,0.0,0,OOS,493.584361
2025-11-16 00:00:00+00:00,2.47887,2,OOS,496.063231
2025-11-17 00:00:00+00:00,0.0,0,OOS,496.063231
2025-11-18 00:00:00+00:00,-1.010043,1,OOS,495.053188
2025-11-19 00:00:00+00:00,-1.009597,1,OOS,494.043592
2025-11-20 00:00:00+00:00,0.0,0,OOS,494.043592
2025-11-21 00:00:00+00:00,2.484213,2,OOS,496.527804
2025-11-22 00:00:00+00:00,0.0,0,OOS,496.527804
2025-11-23 00:00:00+00:00,0.0,0,OOS,496.527804
2025-11-24 00:00:00+00:00,0.0,0,OOS,496.527804
2025-11-25 00:00:00+00:00,0.0,0,OOS,496.527804
2025-11-26 00:00:00+00:00,0.0,0,OOS,496.527804
2025-11-27 00:00:00+00:00,0.0,0,OOS,496.527804
2025-11-28 00:00:00+00:00,2.470621,2,OOS,498.998425
2025-11-29 00:00:00+00:00,0.0,0,OOS,498.998425
2025-11-30 00:00:00+00:00,-2.05078,2,OOS,496.947645
2025-12-01 00:00:00+00:00,2.47489,2,OOS,499.422534
2025-12-02 00:00:00+00:00,0.0,0,OOS,499.422534
2025-12-03 00:00:00+00:00,0.0,0,OOS,499.422534
2025-12-04 00:00:00+00:00,0.0,0,OOS,499.422534
2025-12-05 00:00:00+00:00,-1.010493,1,OOS,498.412041
2025-12-06 00:00:00+00:00,0.0,0,OOS,498.412041
2025-12-07 00:00:00+00:00,-1.019094,1,OOS,497.392947
2025-12-08 00:00:00+00:00,-1.013864,1,OOS,496.379083
2025-12-09 00:00:00+00:00,0.0,0,OOS,496.379083
2025-12-10 00:00:00+00:00,-1.012933,1,OOS,495.36615
2025-12-11 00:00:00+00:00,-1.014423,1,OOS,494.351727
2025-12-12 00:00:00+00:00,-2.021639,2,OOS,492.330089
2025-12-13 00:00:00+00:00,0.0,0,OOS,492.330089
2025-12-14 00:00:00+00:00,3.475649,1,OOS,495.805738
2025-12-15 00:00:00+00:00,3.484143,1,OOS,499.289881
2025-12-16 00:00:00+00:00,-1.013088,1,OOS,498.276793
2025-12-17 00:00:00+00:00,0.0,0,OOS,498.276793
2025-12-18 00:00:00+00:00,0.0,0,OOS,498.276793
2025-12-19 00:00:00+00:00,0.0,0,OOS,498.276793
2025-12-20 00:00:00+00:00,0.0,0,OOS,498.276793
2025-12-21 00:00:00+00:00,-1.031484,1,OOS,497.245309
2025-12-22 00:00:00+00:00,1.44478,3,OOS,498.690089
2025-12-23 00:00:00+00:00,-1.016296,1,OOS,497.673793
2025-12-24 00:00:00+00:00,0.0,0,OOS,497.673793
2025-12-25 00:00:00+00:00,0.0,0,OOS,497.673793
2025-12-26 00:00:00+00:00,-4.071827,4,OOS,493.601966
2025-12-27 00:00:00+00:00,0.0,0,OOS,493.601966
2025-12-28 00:00:00+00:00,0.0,0,OOS,493.601966
2025-12-29 00:00:00+00:00,5.910249,3,OOS,499.512215
2025-12-30 00:00:00+00:00,-1.020147,1,OOS,498.492068
2025-12-31 00:00:00+00:00,-2.04864,2,OOS,496.443428
2026-01-01 00:00:00+00:00,0.0,0,OOS,496.443428
2026-01-02 00:00:00+00:00,1.406137,3,OOS,497.849565
2026-01-03 00:00:00+00:00,0.0,0,OOS,497.849565
2026-01-04 00:00:00+00:00,5.923774,3,OOS,503.773339
2026-01-05 00:00:00+00:00,5.925362,3,OOS,509.698701
2026-01-06 00:00:00+00:00,-1.019503,1,OOS,508.679199
2026-01-07 00:00:00+00:00,0.0,0,OOS,508.679199
2026-01-08 00:00:00+00:00,-1.01552,1,OOS,507.663679
2026-01-09 00:00:00+00:00,0.0,0,OOS,507.663679
2026-01-10 00:00:00+00:00,0.0,0,OOS,507.663679
2026-01-11 00:00:00+00:00,0.0,0,OOS,507.663679
2026-01-12 00:00:00+00:00,-3.062319,3,OOS,504.601359
2026-01-13 00:00:00+00:00,6.965731,2,OOS,511.567091
2026-01-14 00:00:00+00:00,2.471515,2,OOS,514.038606
2026-01-15 00:00:00+00:00,-2.030713,2,OOS,512.007893
2026-01-16 00:00:00+00:00,0.0,0,OOS,512.007893
2026-01-17 00:00:00+00:00,0.0,0,OOS,512.007893
2026-01-18 00:00:00+00:00,0.0,0,OOS,512.007893
2026-01-19 00:00:00+00:00,-1.02249,1,OOS,510.985402
2026-01-20 00:00:00+00:00,10.438867,3,OOS,521.42427
2026-01-21 00:00:00+00:00,-1.016091,1,OOS,520.408179
2026-01-22 00:00:00+00:00,0.0,0,OOS,520.408179
2026-01-23 00:00:00+00:00,0.0,0,OOS,520.408179
2026-01-24 00:00:00+00:00,0.0,0,OOS,520.408179
2026-01-25 00:00:00+00:00,2.436814,2,OOS,522.844993
2026-01-26 00:00:00+00:00,-1.018118,1,OOS,521.826876
2026-01-27 00:00:00+00:00,0.0,0,OOS,521.826876
2026-01-28 00:00:00+00:00,-2.033236,2,OOS,519.79364
2026-01-29 00:00:00+00:00,3.482828,1,OOS,523.276467
2026-01-30 00:00:00+00:00,5.967833,3,OOS,529.2443
2026-01-31 00:00:00+00:00,2.478002,2,OOS,531.722302
2026-02-01 00:00:00+00:00,-1.007426,1,OOS,530.714876
2026-02-02 00:00:00+00:00,2.485919,2,OOS,533.200795
2026-02-03 00:00:00+00:00,-1.008463,1,OOS,532.192332
2026-02-04 00:00:00+00:00,0.0,0,OOS,532.192332
2026-02-05 00:00:00+00:00,9.472621,4,OOS,541.664953
2026-02-06 00:00:00+00:00,2.491116,2,OOS,544.156069
2026-02-07 00:00:00+00:00,0.0,0,OOS,544.156069
2026-02-08 00:00:00+00:00,0.0,0,OOS,544.156069
2026-02-09 00:00:00+00:00,0.0,0,OOS,544.156069
2026-02-10 00:00:00+00:00,0.0,0,OOS,544.156069
2026-02-11 00:00:00+00:00,-1.007938,1,OOS,543.148131
2026-02-12 00:00:00+00:00,0.0,0,OOS,543.148131
2026-02-13 00:00:00+00:00,0.0,0,OOS,543.148131
2026-02-14 00:00:00+00:00,-1.015735,1,OOS,542.132396
2026-02-15 00:00:00+00:00,-1.01409,1,OOS,541.118306
2026-02-16 00:00:00+00:00,0.0,0,OOS,541.118306
2026-02-17 00:00:00+00:00,-1.011672,1,OOS,540.106634
2026-02-18 00:00:00+00:00,0.0,0,OOS,540.106634
2026-02-19 00:00:00+00:00,-1.014421,1,OOS,539.092213
2026-02-20 00:00:00+00:00,0.0,0,OOS,539.092213
2026-02-21 00:00:00+00:00,0.0,0,OOS,539.092213
2026-02-22 00:00:00+00:00,-1.018945,1,OOS,538.073269
2026-02-23 00:00:00+00:00,2.465341,2,OOS,540.53861
2026-02-24 00:00:00+00:00,2.477563,2,OOS,543.016173
2026-02-25 00:00:00+00:00,-1.010342,1,OOS,542.005831
2026-02-26 00:00:00+00:00,-1.008542,1,OOS,540.99729
2026-02-27 00:00:00+00:00,0.0,0,OOS,540.99729
2026-02-28 00:00:00+00:00,1.468616,3,OOS,542.465906
2026-03-01 00:00:00+00:00,-1.008684,1,OOS,541.457222
2026-03-02 00:00:00+00:00,0.0,0,OOS,541.457222
2026-03-03 00:00:00+00:00,-1.007648,1,OOS,540.449573
2026-03-04 00:00:00+00:00,3.49095,1,OOS,543.940523
2026-03-05 00:00:00+00:00,-1.008654,1,OOS,542.93187
2026-03-06 00:00:00+00:00,0.0,0,OOS,542.93187
2026-03-07 00:00:00+00:00,0.0,0,OOS,542.93187
2026-03-08 00:00:00+00:00,3.488912,1,OOS,546.420781
2026-03-09 00:00:00+00:00,-1.012318,1,OOS,545.408464
2026-03-10 00:00:00+00:00,-2.019063,2,OOS,543.389401
2026-03-11 00:00:00+00:00,0.0,0,OOS,543.389401
2026-03-12 00:00:00+00:00,0.0,0,OOS,543.389401
2026-03-13 00:00:00+00:00,2.477052,2,OOS,545.866453
2026-03-14 00:00:00+00:00,0.0,0,OOS,545.866453
2026-03-15 00:00:00+00:00,3.479004,1,OOS,549.345457
2026-03-16 00:00:00+00:00,2.468002,2,OOS,551.813459
2026-03-17 00:00:00+00:00,2.476149,2,OOS,554.289608
2026-03-18 00:00:00+00:00,0.0,0,OOS,554.289608
2026-03-19 00:00:00+00:00,1.464758,3,OOS,555.754366
2026-03-20 00:00:00+00:00,0.0,0,OOS,555.754366
2026-03-21 00:00:00+00:00,0.0,0,OOS,555.754366
2026-03-22 00:00:00+00:00,2.465669,2,OOS,558.220036
2026-03-23 00:00:00+00:00,-1.017296,1,OOS,557.202739
2026-03-24 00:00:00+00:00,-2.022164,2,OOS,555.180576
2026-03-25 00:00:00+00:00,-1.013671,1,OOS,554.166904
2026-03-26 00:00:00+00:00,-2.02899,2,OOS,552.137915
2026-03-27 00:00:00+00:00,3.48666,1,OOS,555.624574
2026-03-28 00:00:00+00:00,-1.011634,1,OOS,554.612941
2026-03-29 00:00:00+00:00,0.0,0,OOS,554.612941
2026-03-30 00:00:00+00:00,0.0,0,OOS,554.612941
2026-03-31 00:00:00+00:00,0.0,0,OOS,554.612941
2026-04-01 00:00:00+00:00,-3.036767,3,OOS,551.576174
2026-04-02 00:00:00+00:00,-1.011795,1,OOS,550.564379
2026-04-03 00:00:00+00:00,0.0,0,OOS,550.564379
2026-04-04 00:00:00+00:00,0.0,0,OOS,550.564379
2026-04-05 00:00:00+00:00,-1.02543,1,OOS,549.538949
2026-04-06 00:00:00+00:00,0.423441,4,OOS,549.96239
2026-04-07 00:00:00+00:00,3.486763,1,OOS,553.449153
2026-04-08 00:00:00+00:00,-2.024211,2,OOS,551.424942
2026-04-09 00:00:00+00:00,-1.01329,1,OOS,550.411652
2026-04-10 00:00:00+00:00,-1.014531,1,OOS,549.397121
2026-04-11 00:00:00+00:00,0.0,0,OOS,549.397121
2026-04-12 00:00:00+00:00,-1.01338,1,OOS,548.383741
2026-04-13 00:00:00+00:00,2.46707,2,OOS,550.850811
2026-04-14 00:00:00+00:00,-2.026166,2,OOS,548.824644
2026-04-15 00:00:00+00:00,0.0,0,OOS,548.824644
2026-04-16 00:00:00+00:00,-1.014425,1,OOS,547.81022
2026-04-17 00:00:00+00:00,1.456989,3,OOS,549.267209
2026-04-18 00:00:00+00:00,-1.012087,1,OOS,548.255122
2026-04-19 00:00:00+00:00,0.0,0,OOS,548.255122
2026-04-20 00:00:00+00:00,0.0,0,OOS,548.255122
2026-04-21 00:00:00+00:00,-1.013628,1,OOS,547.241494
2026-04-22 00:00:00+00:00,0.0,0,OOS,547.241494
2026-04-23 00:00:00+00:00,-1.01256,1,OOS,546.228933
2026-04-24 00:00:00+00:00,0.0,0,OOS,546.228933
2026-04-25 00:00:00+00:00,0.0,0,OOS,546.228933
2026-04-26 00:00:00+00:00,-5.160018,5,OOS,541.068915
2026-04-27 00:00:00+00:00,-1.019587,1,OOS,540.049328
2026-04-28 00:00:00+00:00,0.0,0,OOS,540.049328
2026-04-29 00:00:00+00:00,-1.019578,1,OOS,539.02975
2026-04-30 00:00:00+00:00,0.0,0,OOS,539.02975
2026-05-01 00:00:00+00:00,1.441634,3,OOS,540.471384
2026-05-02 00:00:00+00:00,0.0,0,OOS,540.471384
2026-05-03 00:00:00+00:00,0.0,0,OOS,540.471384
2026-05-04 00:00:00+00:00,1.443934,3,OOS,541.915319
2026-05-05 00:00:00+00:00,0.0,0,OOS,541.915319
2026-05-06 00:00:00+00:00,2.46847,2,OOS,544.383789
2026-05-07 00:00:00+00:00,0.0,0,OOS,544.383789
2026-05-08 00:00:00+00:00,0.0,0,OOS,544.383789
2026-05-09 00:00:00+00:00,0.0,0,OOS,544.383789
2026-05-10 00:00:00+00:00,-1.036888,1,OOS,543.346901
2026-05-11 00:00:00+00:00,-1.019923,1,OOS,542.326979
2026-05-12 00:00:00+00:00,-2.037469,2,OOS,540.28951
2026-05-13 00:00:00+00:00,0.0,0,OOS,540.28951
2026-05-14 00:00:00+00:00,-1.020474,1,OOS,539.269037
2026-05-15 00:00:00+00:00,-2.031836,2,OOS,537.237201
2026-05-16 00:00:00+00:00,0.0,0,OOS,537.237201
2026-05-17 00:00:00+00:00,3.477081,1,OOS,540.714282
2026-05-18 00:00:00+00:00,-2.042633,2,OOS,538.671649
2026-05-19 00:00:00+00:00,0.0,0,OOS,538.671649
2026-05-20 00:00:00+00:00,0.0,0,OOS,538.671649
2026-05-21 00:00:00+00:00,0.0,0,OOS,538.671649
2026-05-22 00:00:00+00:00,0.0,0,OOS,538.671649
2026-05-23 00:00:00+00:00,5.933871,3,OOS,544.60552
2026-05-24 00:00:00+00:00,-1.022865,1,OOS,543.582654
2026-05-25 00:00:00+00:00,-1.020527,1,OOS,542.562128
2026-05-26 00:00:00+00:00,0.0,0,OOS,542.562128
2026-05-27 00:00:00+00:00,0.0,0,OOS,542.562128
2026-05-28 00:00:00+00:00,2.469913,2,OOS,545.032041
2026-05-29 00:00:00+00:00,0.0,0,OOS,545.032041
2026-05-30 00:00:00+00:00,0.0,0,OOS,545.032041
2026-05-31 00:00:00+00:00,0.0,0,OOS,545.032041
2026-06-01 00:00:00+00:00,2.465129,2,OOS,547.49717
2026-06-02 00:00:00+00:00,9.443599,4,OOS,556.94077
2026-06-03 00:00:00+00:00,2.479059,2,OOS,559.419829
2026-06-04 00:00:00+00:00,1.474994,3,OOS,560.894823
2026-06-05 00:00:00+00:00,-1.005655,1,OOS,559.889168
2026-06-06 00:00:00+00:00,0.0,0,OOS,559.889168
2026-06-07 00:00:00+00:00,0.0,0,OOS,559.889168
2026-06-08 00:00:00+00:00,0.0,0,OOS,559.889168
2026-06-09 00:00:00+00:00,-1.011746,1,OOS,558.877422
2026-06-10 00:00:00+00:00,0.0,0,OOS,558.877422
2026-06-11 00:00:00+00:00,0.0,0,OOS,558.877422
2026-06-12 00:00:00+00:00,-1.013816,1,OOS,557.863606
